product_name,product_category,product_sub-category,product_container,unit_price,product_base_margin,product_id
Howard Miller 12-3/4 Diameter Accuwave DS ™ Wall Clock,Furniture,Office Furnishings,Small Box,78.69,0.43,1
Newell 321,Office Supplies,Pens & Art Supplies,Wrap Bag,3.28,0.56,2
Newell 351,Office Supplies,Pens & Art Supplies,Wrap Bag,3.28,0.56,3
"OIC Colored Binder Clips, Assorted Sizes",Office Supplies,Rubber Bands,Wrap Bag,3.58,0.36,4
Xerox 193,Office Supplies,Paper,Small Box,5.98,0.36,5
"Snap-A-Way® Black Print Carbonless Speed Message, No Reply Area, Duplicate",Office Supplies,Paper,Wrap Bag,29.14,0.38,6
Office Star - Mid Back Dual function Ergonomic High Back Chair with 2-Way Adjustable Arms,Furniture,Chairs & Chairmats,Jumbo Drum,160.98,0.62,7
"Belkin 107-key enhanced keyboard, USB/PS/2 interface",Technology,Computer Peripherals,Small Box,17.98,0.79,8
5185,Technology,Telephones and Communication,Small Box,115.99,0.58,9
"Eldon Regeneration Recycled Desk Accessories, Smoke",Furniture,Office Furnishings,Small Pack,1.74,0.53,10
"#10-4 1/8"" x 9 1/2"" Premium Diagonal Seam Envelopes",Office Supplies,Envelopes,Small Box,15.74,0.4,11
Tenex B1-RE Series Chair Mats for Low Pile Carpets,Furniture,Office Furnishings,Wrap Bag,45.98,0.68,12
Global Ergonomic Managers Chair,Furniture,Chairs & Chairmats,Jumbo Drum,180.98,0.59,13
Riverleaf Stik-Withit® Designer Note Cubes®,Office Supplies,Paper,Wrap Bag,10.06,0.39,14
Newell 323,Office Supplies,Pens & Art Supplies,Wrap Bag,1.68,0.59,15
Avery Arch Ring Binders,Office Supplies,Binders and Binder Accessories,Small Box,58.1,0.38,16
APC 7 Outlet Network SurgeArrest Surge Protector,Office Supplies,Appliances,Small Box,80.48,0.55,17
Durable Pressboard Binders,Office Supplies,Binders and Binder Accessories,Small Box,3.8,0.38,18
Fellowes 17-key keypad for PS/2 interface,Technology,Computer Peripherals,Small Box,30.73,0.75,19
StarTAC ST7762,Technology,Telephones and Communication,Small Box,125.99,0.57,20
Fellowes Super Stor/Drawer® Files,Office Supplies,Storage & Organization,Small Box,161.55,0.66,21
Xerox 1933,Office Supplies,Paper,Small Box,12.28,0.38,22
"Imation 3.5"" Unformatted DS/HD Diskettes, 10/Box",Technology,Computer Peripherals,Small Pack,7.37,0.69,23
Fellowes Black Plastic Comb Bindings,Office Supplies,Binders and Binder Accessories,Small Box,5.81,0.39,24
"Eldon Expressions™ Desk Accessory, Wood Pencil Holder, Oak",Furniture,Office Furnishings,Small Box,9.65,0.55,25
Sanyo 2.5 Cubic Foot Mid-Size Office Refrigerators,Office Supplies,Appliances,Jumbo Drum,279.81,0.59,26
Lock-Up Easel 'Spel-Binder',Office Supplies,Binders and Binder Accessories,Small Box,28.53,0.38,27
"Memorex 4.7GB DVD+R, 3/Pack",Technology,Computer Peripherals,Small Pack,15.28,0.42,28
"Eldon Spacemaker® Box, Quick-Snap Lid, Clear",Office Supplies,Pens & Art Supplies,Wrap Bag,3.34,0.54,29
DIXON Oriole® Pencils,Office Supplies,Pens & Art Supplies,Wrap Bag,2.58,0.59,30
StarTAC Series,Technology,Telephones and Communication,Small Box,65.99,0.55,31
Keytronic 105-Key Spanish Keyboard,Technology,Computer Peripherals,Small Box,73.98,0.7,32
Xerox 214,Office Supplies,Paper,Small Box,6.48,0.37,33
Tennsco Commercial Shelving,Office Supplies,Storage & Organization,Large Box,20.34,0.84,34
ACCOHIDE® Binder by Acco,Office Supplies,Binders and Binder Accessories,Small Box,4.13,0.38,35
"O'Sullivan Elevations Bookcase, Cherry Finish",Furniture,Bookcases,Jumbo Box,130.98,0.69,36
"Memorex 4.7GB DVD+RW, 3/Pack",Technology,Computer Peripherals,Small Pack,28.48,0.4,37
MicroTAC 650,Technology,Telephones and Communication,Small Box,65.99,0.58,38
High Speed Automatic Electric Letter Opener,Office Supplies,"Scissors, Rulers and Trimmers",Medium Box,1637.53,0.81,39
Bell Sonecor JB700 Caller ID,Technology,Telephones and Communication,Medium Box,7.99,0.6,40
O'Sullivan Living Dimensions 3-Shelf Bookcases,Furniture,Bookcases,Jumbo Box,200.98,0.75,41
Xerox 1971,Office Supplies,Paper,Small Box,4.28,0.4,42
Accessory4,Technology,Telephones and Communication,Wrap Bag,85.99,0.85,43
3M Office Air Cleaner,Office Supplies,Appliances,Medium Box,25.98,0.5,44
Deluxe Rollaway Locking File with Drawer,Office Supplies,Storage & Organization,Small Box,415.88,0.57,45
GBC Instant Index™ System for Binding Systems,Office Supplies,Binders and Binder Accessories,Small Box,8.88,0.35,46
Xerox 4200 Series MultiUse Premium Copy Paper (20Lb. and 84 Bright),Office Supplies,Paper,Small Box,5.28,0.4,47
T18,Technology,Telephones and Communication,Small Box,110.99,0.57,48
Fellowes EZ Multi-Media Keyboard,Technology,Computer Peripherals,Small Box,34.98,0.76,49
Telescoping Adjustable Floor Lamp,Furniture,Office Furnishings,Large Box,19.99,0.6,50
Binding Machine Supplies,Office Supplies,Binders and Binder Accessories,Small Box,29.17,0.37,51
"Master Giant Foot® Doorstop, Safety Yellow",Furniture,Office Furnishings,Wrap Bag,7.59,0.42,52
14-7/8 x 11 Blue Bar Computer Printout Paper,Office Supplies,Paper,Small Box,48.04,0.37,53
Newell 333,Office Supplies,Pens & Art Supplies,Wrap Bag,2.78,0.59,54
"Office Star - Contemporary Task Swivel chair with 2-way adjustable arms, Plum",Furniture,Chairs & Chairmats,Jumbo Drum,130.98,0.78,55
2160i,Technology,Telephones and Communication,Small Box,200.99,0.59,56
Staples 6 Outlet Surge,Office Supplies,Appliances,Small Box,11.97,0.58,57
Cardinal Poly Pocket Divider Pockets for Ring Binders,Office Supplies,Binders and Binder Accessories,Small Box,3.36,0.4,58
Canon PC1060 Personal Laser Copier,Technology,Copiers and Fax,Large Box,699.99,0.41,59
Nu-Dell Executive Frame,Furniture,Office Furnishings,Small Pack,12.64,0.48,60
GBC Recycled Regency Composition Covers,Office Supplies,Binders and Binder Accessories,Small Box,59.78,0.39,61
Accessory29,Technology,Telephones and Communication,Small Pack,20.99,0.83,62
"Soundgear Copyboard Conference Phone, Optional Battery",Technology,Office Machines,Medium Box,204.1,0.37,63
BoxOffice By Design Rectangular and Half-Moon Meeting Room Tables,Furniture,Tables,Jumbo Box,218.75,0.76,64
Sharp 1540cs Digital Laser Copier,Technology,Copiers and Fax,Jumbo Drum,549.99,0.35,65
2160,Technology,Telephones and Communication,Small Box,115.99,0.57,66
White GlueTop Scratch Pads,Office Supplies,Paper,Wrap Bag,15.04,0.39,67
"ACCOHIDE® 3-Ring Binder, Blue, 1""",Office Supplies,Binders and Binder Accessories,Small Box,4.13,0.38,68
"Avery 4027 File Folder Labels for Dot Matrix Printers, 5000 Labels per Box, White",Office Supplies,Labels,Small Box,30.53,0.39,69
9-3/4 Diameter Round Wall Clock,Furniture,Office Furnishings,Small Box,13.79,0.43,70
"80 Minute CD-R Spindle, 100/Pack - Staples",Technology,Computer Peripherals,Small Pack,39.48,0.54,71
3M Hangers With Command Adhesive,Furniture,Office Furnishings,Wrap Bag,3.7,0.44,72
"Adams Telephone Message Book w/Frequently-Called Numbers Space, 400 Messages per Book",Office Supplies,Paper,Wrap Bag,7.98,0.35,73
Bretford “Just In Time” Height-Adjustable Multi-Task Work Tables,Furniture,Tables,Jumbo Box,417.4,0.79,74
Xerox 1976,Office Supplies,Paper,Small Box,6.48,0.37,75
Coloredge Poster Frame,Furniture,Office Furnishings,Wrap Bag,14.2,0.46,76
Eldon® Wave Desk Accessories,Furniture,Office Furnishings,Small Box,2.08,0.43,77
"Sauder Facets Collection Locker/File Cabinet, Sky Alder Finish",Office Supplies,Storage & Organization,Jumbo Drum,370.98,0.65,78
"Howard Miller 13-3/4"" Diameter Brushed Chrome Round Wall Clock",Furniture,Office Furnishings,Small Box,51.75,0.55,79
"Executive Impressions 13"" Chairman Wall Clock",Furniture,Office Furnishings,Small Pack,25.38,0.5,80
Staples Bulldog Clip,Office Supplies,Rubber Bands,Wrap Bag,3.78,0.39,81
"Executive Impressions 14"" Two-Color Numerals Wall Clock",Furniture,Office Furnishings,Small Pack,22.72,0.44,82
Newell® 3-Hole Punched Plastic Slotted Magazine Holders for Binders,Office Supplies,Binders and Binder Accessories,Small Box,4.57,0.37,83
Avery 498,Office Supplies,Labels,Small Box,2.89,0.38,84
Xerox 1891,Office Supplies,Paper,Small Box,48.91,0.38,85
"Sanford Colorific Colored Pencils, 12/Box",Office Supplies,Pens & Art Supplies,Wrap Bag,2.88,0.55,86
R380,Technology,Telephones and Communication,Small Box,195.99,0.58,87
"Executive Impressions 12"" Wall Clock",Furniture,Office Furnishings,Small Pack,17.67,0.47,88
"Tennsco Snap-Together Open Shelving Units, Starter Sets and Add-On Units",Office Supplies,Storage & Organization,Large Box,279.48,0.8,89
Avery® Durable Slant Ring Binders With Label Holder,Office Supplies,Binders and Binder Accessories,Small Box,4.18,0.37,90
BASF Silver 74 Minute CD-R,Technology,Computer Peripherals,Small Pack,1.7,0.51,91
"Imation Neon Mac Format Diskettes, 10/Pack",Technology,Computer Peripherals,Small Pack,8.12,0.77,92
"Deflect-o EconoMat Nonstudded, No Bevel Mat",Furniture,Office Furnishings,Medium Box,51.65,0.65,93
Keytronic Designer 104- Key Black Keyboard,Technology,Computer Peripherals,Small Box,40.48,0.77,94
2180,Technology,Telephones and Communication,Small Box,175.99,0.57,95
"Holmes Replacement Filter for HEPA Air Cleaner, Large Room",Office Supplies,Appliances,Small Box,14.81,0.43,96
"Eldon Expressions Punched Metal & Wood Desk Accessories, Pewter & Cherry",Furniture,Office Furnishings,Small Box,10.64,0.57,97
Prang Drawing Pencil Set,Office Supplies,Pens & Art Supplies,Wrap Bag,2.78,0.45,98
"Array® Parchment Paper, Assorted Colors",Office Supplies,Paper,Small Box,7.28,0.37,99
Accessory39,Technology,Telephones and Communication,Small Pack,20.99,0.81,100
"Memorex 4.7GB DVD-RAM, 3/Pack",Technology,Computer Peripherals,Small Pack,31.78,0.42,101
Xerox 1993,Office Supplies,Paper,Small Box,6.48,0.36,102
Avery Printable Repositionable Plastic Tabs,Office Supplies,Binders and Binder Accessories,Small Box,8.6,0.38,103
Holmes Odor Grabber,Office Supplies,Appliances,Medium Box,14.42,0.52,104
"Adams Phone Message Book, Professional, 400 Message Capacity, 5 3/6” x 11”",Office Supplies,Paper,Wrap Bag,6.98,0.38,105
Xerox 1985,Office Supplies,Paper,Small Box,6.48,0.37,106
"Deflect-o SuperTray™ Unbreakable Stackable Tray, Letter, Black",Furniture,Office Furnishings,Small Box,29.18,0.42,107
"Carina 42""Hx23 3/4""W Media Storage Unit",Office Supplies,Storage & Organization,Large Box,80.98,0.83,108
Xerox 224,Office Supplies,Paper,Small Box,6.48,0.37,109
"SAFCO PlanMaster Heigh-Adjustable Drafting Table Base, 43w x 30d x 30-37h, Black",Furniture,Tables,Jumbo Drum,349.45,0.68,110
"Global Stack Chair without Arms, Black",Furniture,Chairs & Chairmats,Jumbo Drum,25.98,0.6,111
232,Technology,Telephones and Communication,Small Box,125.99,0.55,112
Document Clip Frames,Furniture,Office Furnishings,Wrap Bag,8.34,0.43,113
Newell 337,Office Supplies,Pens & Art Supplies,Wrap Bag,3.28,0.56,114
"DS/HD IBM Formatted Diskettes, 200/Pack - Staples",Technology,Computer Peripherals,Small Pack,47.98,0.71,115
Office Star - Professional Matrix Back Chair with 2-to-1 Synchro Tilt and Mesh Fabric Seat,Furniture,Chairs & Chairmats,Jumbo Drum,350.98,0.61,116
"Avery Trapezoid Ring Binder, 3"" Capacity, Black, 1040 sheets",Office Supplies,Binders and Binder Accessories,Small Box,40.98,0.36,117
Epson DFX5000+ Dot Matrix Printer,Technology,Office Machines,Jumbo Drum,1500.97,0.57,118
Xerox 1910,Office Supplies,Paper,Small Box,48.04,0.37,119
Newell 320,Office Supplies,Pens & Art Supplies,Wrap Bag,4.28,0.58,120
Self-Adhesive Address Labels for Typewriters by Universal,Office Supplies,Labels,Small Box,7.31,0.38,121
Turquoise Lead Holder with Pocket Clip,Office Supplies,Pens & Art Supplies,Wrap Bag,6.7,0.52,122
Panasonic KX-P1150 Dot Matrix Printer,Technology,Office Machines,Jumbo Drum,145.45,0.56,123
Newell 343,Office Supplies,Pens & Art Supplies,Wrap Bag,2.94,0.58,124
"Staples Wirebound Steno Books, 6"" x 9"", 12/Pack",Office Supplies,Paper,Wrap Bag,10.14,0.36,125
Xerox 1893,Office Supplies,Paper,Small Box,40.99,0.36,126
Panasonic KX-P3626 Dot Matrix Printer,Technology,Office Machines,Jumbo Box,517.48,0.59,127
Ampad #10 Peel & Seel® Holiday Envelopes,Office Supplies,Envelopes,Small Box,4.48,0.37,128
"GBC Pre-Punched Binding Paper, Plastic, White, 8-1/2"" x 11""",Office Supplies,Binders and Binder Accessories,Small Box,15.99,0.37,129
Xerox 1982,Office Supplies,Paper,Small Box,22.84,0.39,130
Boston 16701 Slimline Battery Pencil Sharpener,Office Supplies,Pens & Art Supplies,Small Pack,15.94,0.55,131
"Executive Impressions 13"" Clairmont Wall Clock",Furniture,Office Furnishings,Small Pack,19.23,0.44,132
"Acme Hot Forged Carbon Steel Scissors with Nickel-Plated Handles, 3 7/8"" Cut, 8""L",Office Supplies,"Scissors, Rulers and Trimmers",Small Pack,13.9,0.56,133
Accessory36,Technology,Telephones and Communication,Small Pack,55.99,0.83,134
"Sanyo Counter Height Refrigerator with Crisper, 3.6 Cubic Foot, Stainless Steel/Black",Office Supplies,Appliances,Jumbo Drum,328.14,0.57,135
"Telephone Message Books with Fax/Mobile Section, 5 1/2"" x 3 3/16""",Office Supplies,Paper,Wrap Bag,6.35,0.39,136
Acme® Forged Steel Scissors with Black Enamel Handles,Office Supplies,"Scissors, Rulers and Trimmers",Small Pack,9.31,0.56,137
Hon Olson Stacker Stools,Furniture,Chairs & Chairmats,Large Box,140.81,0.57,138
GBC Wire Binding Strips,Office Supplies,Binders and Binder Accessories,Small Box,31.74,0.37,139
Talkabout T8367,Technology,Telephones and Communication,Small Box,65.99,0.56,140
Westinghouse Clip-On Gooseneck Lamps,Furniture,Office Furnishings,Large Box,8.37,0.59,141
Eureka Disposable Bags for Sanitaire® Vibra Groomer I® Upright Vac,Office Supplies,Appliances,Small Box,4.06,0.6,142
Plymouth Boxed Rubber Bands by Plymouth,Office Supplies,Rubber Bands,Wrap Bag,4.71,0.8,143
"Important Message Pads, 50 4-1/4 x 5-1/2 Forms per Pad",Office Supplies,Paper,Wrap Bag,4.2,0.36,144
"#10- 4 1/8"" x 9 1/2"" Security-Tint Envelopes",Office Supplies,Envelopes,Small Box,7.64,0.36,145
"C-Line Peel & Stick Add-On Filing Pockets, 8-3/4 x 5-1/8, 10/Pack",Office Supplies,Binders and Binder Accessories,Small Box,6.37,0.38,146
Canon Imageclass D680 Copier / Fax,Technology,Copiers and Fax,Large Box,699.99,0.54,147
Logitech Internet Navigator Keyboard,Technology,Computer Peripherals,Small Box,30.98,0.79,148
Xerox 1897,Office Supplies,Paper,Small Box,4.98,0.36,149
Epson LQ-570e Dot Matrix Printer,Technology,Office Machines,Jumbo Drum,270.97,0.56,150
Hoover WindTunnel™ Plus Canister Vacuum,Office Supplies,Appliances,Small Box,363.25,0.57,151
Xerox 1939,Office Supplies,Paper,Small Box,18.97,0.37,152
Avery 497,Office Supplies,Labels,Small Box,3.08,0.37,153
"Pressboard Covers with Storage Hooks, 9 1/2"" x 11"", Light Blue",Office Supplies,Binders and Binder Accessories,Small Box,4.91,0.38,154
Canon imageCLASS 2200 Advanced Copier,Technology,Copiers and Fax,Large Box,3499.99,0.37,155
"Verbatim DVD-RAM, 5.2GB, Rewritable, Type 1, DS",Technology,Computer Peripherals,Small Pack,29.89,0.5,156
Southworth 25% Cotton Antique Laid Paper & Envelopes,Office Supplies,Paper,Small Box,8.34,0.4,157
Newell 312,Office Supplies,Pens & Art Supplies,Wrap Bag,5.84,0.55,158
"Imation 3.5"", DISKETTE 44766 HGHLD3.52HD/FM, 10/Pack",Technology,Computer Peripherals,Small Pack,4.98,0.64,159
GBC VeloBinder Electric Binding Machine,Office Supplies,Binders and Binder Accessories,Small Box,120.98,0.35,160
Adesso Programmable 142-Key Keyboard,Technology,Computer Peripherals,Small Box,152.48,0.76,161
US Robotics 56K V.92 External Faxmodem,Technology,Computer Peripherals,Small Box,99.99,0.52,162
i470,Technology,Telephones and Communication,Small Box,205.99,0.56,163
SAFCO Folding Chair Trolley,Furniture,Chairs & Chairmats,Medium Box,128.24,0.62,164
"Eldon® Expressions™ Wood Desk Accessories, Oak",Furniture,Office Furnishings,Small Box,7.38,0.56,165
Polycom VoiceStation 100,Technology,Office Machines,Medium Box,300.98,0.39,166
Phone 918,Technology,Telephones and Communication,Small Box,205.99,0.59,167
"Avery Flip-Chart Easel Binder, Black",Office Supplies,Binders and Binder Accessories,Small Box,22.38,0.38,168
G.E. Halogen Desk Lamp Bulbs,Furniture,Office Furnishings,Small Pack,6.98,0.37,169
Avery Binder Labels,Office Supplies,Binders and Binder Accessories,Small Box,3.89,0.37,170
Hon Every-Day® Chair Series Swivel Task Chairs,Furniture,Chairs & Chairmats,Jumbo Drum,120.98,0.64,171
"IBM Multi-Purpose Copy Paper, 8 1/2 x 11"", Case",Office Supplies,Paper,Small Box,30.98,0.4,172
Bionaire Personal Warm Mist Humidifier/Vaporizer,Office Supplies,Appliances,Medium Box,46.89,0.46,173
"Sauder Forest Hills Library, Woodland Oak Finish",Furniture,Bookcases,Jumbo Box,140.98,0.77,174
Bush Advantage Collection® Round Conference Table,Furniture,Tables,Jumbo Box,212.6,0.71,175
Economy Binders,Office Supplies,Binders and Binder Accessories,Small Box,2.08,0.36,176
Carina Double Wide Media Storage Towers in Natural & Black,Office Supplies,Storage & Organization,Large Box,80.98,0.81,177
Advantus Map Pennant Flags and Round Head Tacks,Office Supplies,Rubber Bands,Wrap Bag,3.95,0.53,178
Xerox 1928,Office Supplies,Paper,Small Box,5.28,0.4,179
"Wilson Jones Ledger-Size, Piano-Hinge Binder, 2"", Blue",Office Supplies,Binders and Binder Accessories,Small Box,40.98,0.37,180
Okidata ML390 Turbo Dot Matrix Printers,Technology,Office Machines,Jumbo Drum,442.14,0.56,181
Safco Contoured Stacking Chairs,Furniture,Chairs & Chairmats,Large Box,238.4,0.62,182
Canon PC-428 Personal Copier,Technology,Copiers and Fax,Large Box,199.99,0.46,183
Canon MP41DH Printing Calculator,Technology,Office Machines,Medium Box,150.98,0.38,184
Fellowes High-Stak® Drawer Files,Office Supplies,Storage & Organization,Small Box,176.19,0.62,185
Accessory24,Technology,Telephones and Communication,Small Pack,55.99,0.59,186
Avery 491,Office Supplies,Labels,Small Box,4.13,0.39,187
Avery White Multi-Purpose Labels,Office Supplies,Labels,Small Box,4.98,0.39,188
Timeport L7089,Technology,Telephones and Communication,Small Box,125.99,0.58,189
Epson C62 Color Inkjet Printer,Technology,Office Machines,Jumbo Box,119.99,0.35,190
Nu-Dell Leatherette Frames,Furniture,Office Furnishings,Small Pack,14.34,0.49,191
Xerox 1894,Office Supplies,Paper,Small Box,6.48,0.37,192
Accessory20,Technology,Telephones and Communication,Small Pack,85.99,0.37,193
Keytronic French Keyboard,Technology,Computer Peripherals,Small Box,73.98,0.68,194
Presstex Flexible Ring Binders,Office Supplies,Binders and Binder Accessories,Small Box,4.55,0.35,195
"Staples #10 Laser & Inkjet Envelopes, 4 1/8"" x 9 1/2"", 100/Box",Office Supplies,Envelopes,Small Box,9.78,0.38,196
*Staples* Highlighting Markers,Office Supplies,Pens & Art Supplies,Wrap Bag,4.84,0.52,197
Bevis 36 x 72 Conference Tables,Furniture,Tables,Jumbo Box,124.49,0.63,198
i2000,Technology,Telephones and Communication,Small Box,125.99,0.6,199
"Manila Recycled Extra-Heavyweight Clasp Envelopes, 6"" x 9""",Office Supplies,Envelopes,Small Box,10.98,0.36,200
"Global Leather and Oak Executive Chair, Black",Furniture,Chairs & Chairmats,Jumbo Drum,300.98,0.56,201
"Tennsco Lockers, Sand",Office Supplies,Storage & Organization,Jumbo Drum,20.98,0.61,202
Kensington 7 Outlet MasterPiece Power Center,Office Supplies,Appliances,Small Box,177.98,0.56,203
"Howard Miller 13"" Diameter Goldtone Round Wall Clock",Furniture,Office Furnishings,Small Box,46.94,0.44,204
GBC Binding covers,Office Supplies,Binders and Binder Accessories,Small Box,12.95,0.4,205
5180,Technology,Telephones and Communication,Small Box,65.99,0.56,206
"Recycled Desk Saver Line ""While You Were Out"" Book, 5 1/2"" X 4""",Office Supplies,Paper,Wrap Bag,8.95,0.39,207
Fellowes Staxonsteel® Drawer Files,Office Supplies,Storage & Organization,Small Box,193.17,0.71,208
Ibico Covers for Plastic or Wire Binding Elements,Office Supplies,Binders and Binder Accessories,Small Box,11.5,0.4,209
Hanging Personal Folder File,Office Supplies,Storage & Organization,Small Box,15.7,0.6,210
Tennsco Double-Tier Lockers,Office Supplies,Storage & Organization,Jumbo Drum,225.02,0.72,211
Epson C82 Color Inkjet Printer,Technology,Office Machines,Jumbo Drum,119.99,0.36,212
Avery Legal 4-Ring Binder,Office Supplies,Binders and Binder Accessories,Small Box,20.98,0.35,213
"Global High-Back Leather Tilter, Burgundy",Furniture,Chairs & Chairmats,Jumbo Drum,122.99,0.74,214
"Maxell 3.5"" DS/HD IBM-Formatted Diskettes, 10/Pack",Technology,Computer Peripherals,Small Pack,4.89,0.66,215
Canon Image Class D660 Copier,Technology,Copiers and Fax,Large Box,599.99,0.44,216
Staples 1 Part Blank Computer Paper,Office Supplies,Paper,Small Box,11.34,0.36,217
Advantus Panel Wall Certificate Holder - 8.5x11,Furniture,Office Furnishings,Small Pack,12.2,0.43,218
Avery Durable Poly Binders,Office Supplies,Binders and Binder Accessories,Small Box,5.53,0.39,219
Martin-Yale Premier Letter Opener,Office Supplies,"Scissors, Rulers and Trimmers",Wrap Bag,12.88,0.82,220
"GBC Prepunched Paper, 19-Hole, for Binding Systems, 24-lb",Office Supplies,Binders and Binder Accessories,Small Box,15.01,0.39,221
Recycled Eldon Regeneration Jumbo File,Office Supplies,Storage & Organization,Small Box,12.28,0.57,222
"Tenex Contemporary Contur Chairmats for Low and Medium Pile Carpet, Computer, 39"" x 49""",Furniture,Office Furnishings,Medium Box,107.53,0.65,223
"Acme® 8"" Straight Scissors",Office Supplies,"Scissors, Rulers and Trimmers",Small Pack,12.98,0.6,224
Eldon® 200 Class™ Desk Accessories,Furniture,Office Furnishings,Small Box,6.28,0.53,225
Staples Copy Paper (20Lb. and 84 Bright),Office Supplies,Paper,Small Box,4.98,0.38,226
Tennsco Industrial Shelving,Office Supplies,Storage & Organization,Large Box,48.91,0.83,227
"Acme Design Line 8"" Stainless Steel Bent Scissors w/Champagne Handles, 3-1/8"" Cut",Office Supplies,"Scissors, Rulers and Trimmers",Small Pack,6.84,0.58,228
Accessory28,Technology,Telephones and Communication,Small Pack,55.99,0.83,229
"Avery 05222 Permanent Self-Adhesive File Folder Labels for Typewriters, on Rolls, White, 250/Roll",Office Supplies,Labels,Small Box,4.13,0.39,230
"Tenex Traditional Chairmats for Medium Pile Carpet, Standard Lip, 36"" x 48""",Furniture,Office Furnishings,Medium Box,60.65,0.64,231
Avery Binding System Hidden Tab™ Executive Style Index Sets,Office Supplies,Binders and Binder Accessories,Small Box,5.77,0.35,232
Euro Pro Shark Stick Mini Vacuum,Office Supplies,Appliances,Large Box,60.98,0.59,233
Xerox 1978,Office Supplies,Paper,Small Box,5.78,0.36,234
"Wirebound Message Book, 4 per Page",Office Supplies,Paper,Wrap Bag,5.43,0.36,235
Sharp EL500L Fraction Calculator,Technology,Office Machines,Medium Box,13.99,0.39,236
"Riverside Palais Royal Lawyers Bookcase, Royale Cherry Finish",Furniture,Bookcases,Jumbo Box,880.98,0.62,237
Staples Battery-Operated Desktop Pencil Sharpener,Office Supplies,Pens & Art Supplies,Small Pack,10.48,0.6,238
Canon P1-DHIII Palm Printing Calculator,Technology,Office Machines,Medium Box,17.98,0.4,239
Xerox 1896,Office Supplies,Paper,Small Box,9.99,0.4,240
"Gould Plastics 9-Pocket Panel Bin, 18-3/8w x 5-1/4d x 20-1/2h, Black",Office Supplies,Storage & Organization,Small Box,52.99,0.81,241
"Wirebound Message Books, Four 2 3/4"" x 5"" Forms per Page, 600 Sets per Book",Office Supplies,Paper,Wrap Bag,9.27,0.38,242
Newell 315,Office Supplies,Pens & Art Supplies,Wrap Bag,5.98,0.6,243
"Bush Westfield Collection Bookcases, Dark Cherry Finish, Fully Assembled",Furniture,Bookcases,Jumbo Box,100.98,0.78,244
Accessory34,Technology,Telephones and Communication,Wrap Bag,85.99,0.55,245
Xerox 1983,Office Supplies,Paper,Small Box,5.98,0.36,246
"Wilson Jones Hanging View Binder, White, 1""",Office Supplies,Binders and Binder Accessories,Small Box,7.1,0.39,247
"Fellowes Basic 104-Key Keyboard, Platinum",Technology,Computer Peripherals,Small Box,20.95,0.62,248
Ibico Recycled Linen-Style Covers,Office Supplies,Binders and Binder Accessories,Small Box,39.06,0.37,249
Self-Adhesive Ring Binder Labels,Office Supplies,Binders and Binder Accessories,Small Box,3.52,0.38,250
"Tenex File Box, Personal Filing Tote with Lid, Black",Office Supplies,Storage & Organization,Small Box,15.51,0.59,251
Quality Park Security Envelopes,Office Supplies,Envelopes,Small Box,26.17,0.38,252
Office Star - Ergonomic Mid Back Chair with 2-Way Adjustable Arms,Furniture,Chairs & Chairmats,Jumbo Drum,180.98,0.69,253
Belkin F9M820V08 8 Outlet Surge,Office Supplies,Appliances,Small Box,42.98,0.56,254
"Bravo II™ Megaboss® 12-Amp Hard Body Upright, Replacement Belts, 2 Belts per Pack",Office Supplies,Appliances,Large Box,3.25,0.56,255
"Rubbermaid ClusterMat Chairmats, Mat Size- 66"" x 60"", Lip 20"" x 11"" -90 Degree Angle",Furniture,Office Furnishings,Medium Box,110.98,0.69,256
Micro Innovations Media Access Pro Keyboard,Technology,Computer Peripherals,Small Box,77.51,0.76,257
Xerox 1937,Office Supplies,Paper,Small Box,48.04,0.37,258
Xerox 1986,Office Supplies,Paper,Small Box,6.68,0.37,259
Honeywell Quietcare HEPA Air Cleaner,Office Supplies,Appliances,Medium Box,78.65,0.52,260
Kensington 6 Outlet Guardian Standard Surge Protector,Office Supplies,Appliances,Small Box,20.48,0.58,261
"#10 White Business Envelopes,4 1/8 x 9 1/2",Office Supplies,Envelopes,Small Box,15.67,0.38,262
"Hon Metal Bookcases, Putty",Furniture,Bookcases,Jumbo Box,70.98,0.56,263
Newell 309,Office Supplies,Pens & Art Supplies,Wrap Bag,11.55,0.55,264
Eldon Jumbo ProFile™ Portable File Boxes Graphite/Black,Office Supplies,Storage & Organization,Small Box,15.31,0.57,265
Avery 493,Office Supplies,Labels,Small Box,4.91,0.36,266
Xerox 220,Office Supplies,Paper,Small Box,6.48,0.37,267
Canon BP1200DH 12-Digit Bubble Jet Printing Calculator,Technology,Office Machines,Medium Box,120.97,0.36,268
688,Technology,Telephones and Communication,Small Box,195.99,0.6,269
Xerox 1908,Office Supplies,Paper,Small Box,55.98,0.36,270
Xerox 199,Office Supplies,Paper,Small Box,4.28,0.4,271
Bretford Rectangular Conference Table Tops,Furniture,Tables,Jumbo Box,376.13,0.74,272
Bush Advantage Collection® Racetrack Conference Table,Furniture,Tables,Jumbo Box,424.21,0.67,273
T28 WORLD,Technology,Telephones and Communication,Small Box,195.99,0.6,274
"Atlantic Metals Mobile 2-Shelf Bookcases, Custom Colors",Furniture,Bookcases,Jumbo Box,240.98,0.56,275
Accessory41,Technology,Telephones and Communication,Wrap Bag,35.99,0.38,276
Imation 5.2GB DVD-RAM,Technology,Computer Peripherals,Small Pack,60.98,0.5,277
Avery 481,Office Supplies,Labels,Small Box,3.08,0.37,278
i500plus,Technology,Telephones and Communication,Small Box,65.99,0.58,279
"Speediset Carbonless Redi-Letter® 7"" x 8 1/2""",Office Supplies,Paper,Wrap Bag,10.31,0.38,280
"Atlantic Metals Mobile 3-Shelf Bookcases, Custom Colors",Furniture,Bookcases,Jumbo Box,260.98,0.59,281
Ultra Door Pull Handle,Furniture,Office Furnishings,Small Pack,10.52,0.52,282
Xerox 1920,Office Supplies,Paper,Small Box,5.98,0.4,283
Hon 4070 Series Pagoda™ Armless Upholstered Stacking Chairs,Furniture,Chairs & Chairmats,Jumbo Drum,291.73,0.56,284
Okidata ML320 Series Turbo Dot Matrix Printers,Technology,Office Machines,Jumbo Box,399.98,0.56,285
Xerox 1994,Office Supplies,Paper,Small Box,6.48,0.37,286
Hon Pagoda™ Stacking Chairs,Furniture,Chairs & Chairmats,Large Box,320.98,0.55,287
StarTAC 6500,Technology,Telephones and Communication,Small Box,125.99,0.59,288
Xerox 1974,Office Supplies,Paper,Small Box,5.98,0.36,289
Bush Mission Pointe Library,Furniture,Bookcases,Jumbo Box,150.98,0.65,290
"Fellowes Internet Keyboard, Platinum",Technology,Computer Peripherals,Small Box,30.42,0.74,291
Epson DFX-8500 Dot Matrix Printer,Technology,Office Machines,Jumbo Drum,2550.14,0.57,292
"Hon Deluxe Fabric Upholstered Stacking Chairs, Rounded Back",Furniture,Chairs & Chairmats,Jumbo Drum,243.98,0.55,293
Binder Posts,Office Supplies,Binders and Binder Accessories,Small Box,5.74,0.39,294
Eldon Cleatmat® Chair Mats for Medium Pile Carpets,Furniture,Office Furnishings,Medium Box,55.5,0.72,295
"Advantus Employee of the Month Certificate Frame, 11 x 13-1/2",Furniture,Office Furnishings,Small Pack,30.93,0.44,296
Panasonic KX-P3200 Dot Matrix Printer,Technology,Office Machines,Jumbo Drum,297.56,0.58,297
Hon 94000 Series Round Tables,Furniture,Tables,Jumbo Box,296.18,0.76,298
Xerox 1979,Office Supplies,Paper,Small Box,30.98,0.4,299
Brown Kraft Recycled Envelopes,Office Supplies,Envelopes,Small Box,16.98,0.35,300
Stanley Bostitch Contemporary Electric Pencil Sharpeners,Office Supplies,Pens & Art Supplies,Small Pack,16.98,0.57,301
282,Technology,Telephones and Communication,Small Box,115.99,0.56,302
Tensor Computer Mounted Lamp,Furniture,Office Furnishings,Large Box,14.89,0.58,303
Avery 51,Office Supplies,Labels,Small Box,6.3,0.39,304
Rediform S.O.S. Phone Message Books,Office Supplies,Paper,Wrap Bag,4.98,0.36,305
"Metal Folding Chairs, Beige, 4/Carton",Furniture,Chairs & Chairmats,Jumbo Drum,33.94,0.58,306
3285,Technology,Telephones and Communication,Small Box,205.99,0.59,307
Kensington 7 Outlet MasterPiece Power Center with Fax/Phone Line Protection,Office Supplies,Appliances,Small Box,207.48,0.55,308
"Acco Four Pocket Poly Ring Binder with Label Holder, Smoke, 1""",Office Supplies,Binders and Binder Accessories,Small Box,7.45,0.4,309
Xerox 213,Office Supplies,Paper,Small Box,6.48,0.37,310
"Holmes Replacement Filter for HEPA Air Cleaner, Medium Room",Office Supplies,Appliances,Medium Box,11.33,0.42,311
Acme Galleria® Hot Forged Steel Scissors with Colored Handles,Office Supplies,"Scissors, Rulers and Trimmers",Small Pack,15.73,0.56,312
"Belkin 325VA UPS Surge Protector, 6'",Office Supplies,Appliances,Small Box,120.98,0.6,313
"Westinghouse Floor Lamp with Metal Mesh Shade, Black",Furniture,Office Furnishings,Jumbo Drum,23.99,0.62,314
V70,Technology,Telephones and Communication,Small Box,205.99,0.59,315
Xerox 1903,Office Supplies,Paper,Small Box,5.98,0.36,316
Harmony HEPA Quiet Air Purifiers,Office Supplies,Appliances,Medium Box,11.7,0.5,317
Holmes HEPA Air Purifier,Office Supplies,Appliances,Medium Box,21.78,0.5,318
Logitech Cordless Navigator Duo,Technology,Computer Peripherals,Small Box,80.98,0.48,319
Tyvek® Side-Opening Peel & Seel® Expanding Envelopes,Office Supplies,Envelopes,Small Box,90.48,0.4,320
Newell 318,Office Supplies,Pens & Art Supplies,Wrap Bag,2.78,0.59,321
Rubber Band Ball,Office Supplies,Rubber Bands,Wrap Bag,3.74,0.83,322
"Peel & Seel® Recycled Catalog Envelopes, Brown",Office Supplies,Envelopes,Small Box,11.58,0.35,323
Newell 310,Office Supplies,Pens & Art Supplies,Wrap Bag,1.76,0.56,324
GBC Therma-A-Bind 250T Electric Binding System,Office Supplies,Binders and Binder Accessories,Small Box,122.99,0.37,325
Avery Hi-Liter® Fluorescent Desk Style Markers,Office Supplies,Pens & Art Supplies,Wrap Bag,3.38,0.48,326
"Holmes Replacement Filter for HEPA Air Cleaner, Very Large Room, HEPA Filter",Office Supplies,Appliances,Jumbo Drum,68.81,0.41,327
"Rediform Wirebound ""Phone Memo"" Message Book, 11 x 5-3/4",Office Supplies,Paper,Wrap Bag,7.64,0.36,328
"Global Airflow Leather Mesh Back Chair, Black",Furniture,Chairs & Chairmats,Jumbo Drum,150.98,0.55,329
Logitech Cordless Elite Duo,Technology,Computer Peripherals,Small Box,100.98,0.4,330
Hoover Portapower™ Portable Vacuum,Office Supplies,Appliances,Large Box,4.48,0.6,331
"White Dual Perf Computer Printout Paper, 2700 Sheets, 1 Part, Heavyweight, 20 lbs., 14 7/8 x 11",Office Supplies,Paper,Small Box,40.99,0.36,332
Avery Premier Heavy-Duty Binder with Round Locking Rings,Office Supplies,Binders and Binder Accessories,Small Box,14.28,0.39,333
SANFORD Major Accent™ Highlighters,Office Supplies,Pens & Art Supplies,Wrap Bag,7.08,0.47,334
7160,Technology,Telephones and Communication,Small Box,140.99,0.59,335
"Dual Level, Single-Width Filing Carts",Office Supplies,Storage & Organization,Small Box,155.06,0.59,336
3M Organizer Strips,Office Supplies,Binders and Binder Accessories,Small Box,5.4,0.37,337
GBC Standard Plastic Binding Systems Combs,Office Supplies,Binders and Binder Accessories,Small Box,8.85,0.36,338
Lexmark Z54se Color Inkjet Printer,Technology,Office Machines,Jumbo Drum,90.97,0.36,339
Newell 31,Office Supplies,Pens & Art Supplies,Wrap Bag,4.13,0.57,340
"GBC Twin Loop™ Wire Binding Elements, 9/16"" Spine, Black",Office Supplies,Binders and Binder Accessories,Small Box,15.22,0.36,341
Xerox 227,Office Supplies,Paper,Small Box,6.48,0.37,342
Nu-Form 106-Key Ergonomic Keyboard w/ Touchpad,Technology,Computer Peripherals,Small Box,53.98,0.62,343
Xerox 1989,Office Supplies,Paper,Small Box,4.98,0.38,344
Hon 4700 Series Mobuis™ Mid-Back Task Chairs with Adjustable Arms,Furniture,Chairs & Chairmats,Jumbo Drum,355.98,0.64,345
GBC Standard Therm-A-Bind Covers,Office Supplies,Binders and Binder Accessories,Small Box,24.92,0.39,346
Staples Premium Bright 1-Part Blank Computer Paper,Office Supplies,Paper,Small Box,12.28,0.38,347
5165,Technology,Telephones and Communication,Small Box,175.99,0.59,348
GBC ProClick Spines for 32-Hole Punch,Office Supplies,Binders and Binder Accessories,Small Box,12.53,0.38,349
12 Colored Short Pencils,Office Supplies,Pens & Art Supplies,Wrap Bag,2.6,0.58,350
"Mead 1st Gear 2"" Zipper Binder, Asst. Colors",Office Supplies,Binders and Binder Accessories,Small Box,12.97,0.35,351
Avery 508,Office Supplies,Labels,Small Box,4.91,0.36,352
Okidata ML520 Series Dot Matrix Printers,Technology,Office Machines,Jumbo Drum,510.14,0.56,353
"TOPS Voice Message Log Book, Flash Format",Office Supplies,Paper,Wrap Bag,4.76,0.36,354
Avery 48,Office Supplies,Labels,Small Box,6.3,0.39,355
Xerox 20,Office Supplies,Paper,Small Box,6.48,0.37,356
"Boston School Pro Electric Pencil Sharpener, 1670",Office Supplies,Pens & Art Supplies,Small Pack,30.98,0.58,357
Electrix Halogen Magnifier Lamp,Furniture,Office Furnishings,Large Box,194.3,0.59,358
Luxo Professional Fluorescent Magnifier Lamp with Clamp-Mount Base,Furniture,Office Furnishings,Large Box,209.84,0.59,359
i1000,Technology,Telephones and Communication,Small Box,65.99,0.58,360
Hand-Finished Solid Wood Document Frame,Furniture,Office Furnishings,Small Box,34.23,0.55,361
"Executive Impressions 8-1/2"" Career Panel/Partition Cubicle Clock",Furniture,Office Furnishings,Small Pack,10.4,0.51,362
Xerox 1962,Office Supplies,Paper,Small Box,4.28,0.4,363
Staples Vinyl Coated Paper Clips,Office Supplies,Rubber Bands,Wrap Bag,3.93,0.39,364
Avery 492,Office Supplies,Labels,Small Box,2.88,0.39,365
Bretford CR4500 Series Slim Rectangular Table,Furniture,Tables,Jumbo Box,348.21,0.62,366
"Memo Book, 100 Message Capacity, 5 3/8” x 11”",Office Supplies,Paper,Wrap Bag,6.74,0.35,367
Polycom ViaVideo™ Desktop Video Communications Unit,Technology,Office Machines,Large Box,574.74,0.37,368
Newell 346,Office Supplies,Pens & Art Supplies,Wrap Bag,2.88,0.56,369
Avery 479,Office Supplies,Labels,Small Box,2.61,0.39,370
Wirebound Voice Message Log Book,Office Supplies,Paper,Wrap Bag,4.76,0.39,371
Barrel Sharpener,Office Supplies,Pens & Art Supplies,Small Pack,3.57,0.59,372
A1228,Technology,Telephones and Communication,Small Box,195.99,0.58,373
"Premier Elliptical Ring Binder, Black",Office Supplies,Binders and Binder Accessories,Small Box,30.44,0.37,374
"Sony MFD2HD Formatted Diskettes, 10/Pack",Technology,Computer Peripherals,Small Pack,6.48,0.71,375
Boston 16801 Nautilus™ Battery Pencil Sharpener,Office Supplies,Pens & Art Supplies,Small Pack,22.01,0.59,376
Canon MP25DIII Desktop Whisper-Quiet Printing Calculator,Technology,Office Machines,Medium Box,51.98,0.37,377
Lexmark Z25 Color Inkjet Printer,Technology,Office Machines,Jumbo Drum,80.97,0.37,378
1726 Digital Answering Machine,Technology,Telephones and Communication,Medium Box,20.99,0.58,379
Aluminum Document Frame,Furniture,Office Furnishings,Small Pack,12.22,0.55,380
Fellowes Bases and Tops For Staxonsteel®/High-Stak® Systems,Office Supplies,Storage & Organization,Small Box,33.29,0.61,381
Ibico Hi-Tech Manual Binding System,Office Supplies,Binders and Binder Accessories,Small Box,304.99,0.4,382
V 3600 Series,Technology,Telephones and Communication,Small Box,65.99,0.58,383
Hon 2111 Invitation™ Series Corner Table,Furniture,Tables,Large Box,209.37,0.79,384
Xerox 1973,Office Supplies,Paper,Small Box,22.84,0.39,385
Hewlett-Packard Deskjet 940 REFURBISHED Color Inkjet Printer,Technology,Office Machines,Jumbo Box,80.97,0.4,386
Xerox 1997,Office Supplies,Paper,Small Box,6.48,0.37,387
Xerox 194,Office Supplies,Paper,Small Box,55.48,0.37,388
Epson LQ-870 Dot Matrix Printer,Technology,Office Machines,Jumbo Drum,535.64,0.59,389
"Global Leather Task Chair, Black",Furniture,Chairs & Chairmats,Jumbo Drum,89.99,0.66,390
"Snap-A-Way® Black Print Carbonless Ruled Speed Letter, Triplicate",Office Supplies,Paper,Wrap Bag,37.94,0.38,391
Accessory21,Technology,Telephones and Communication,Wrap Bag,20.99,0.37,392
Microsoft Multimedia Keyboard,Technology,Computer Peripherals,Small Box,30.97,0.74,393
Accessory31,Technology,Telephones and Communication,Small Pack,35.99,0.35,394
Newell 338,Office Supplies,Pens & Art Supplies,Wrap Bag,2.94,0.58,395
Wilson Jones 14 Line Acrylic Coated Pressboard Data Binders,Office Supplies,Binders and Binder Accessories,Small Box,5.34,0.38,396
Avery Hi-Liter® Smear-Safe Highlighters,Office Supplies,Pens & Art Supplies,Wrap Bag,5.84,0.49,397
"Bush Westfield Collection Bookcases, Fully Assembled",Furniture,Bookcases,Jumbo Box,100.98,0.62,398
Xerox 196,Office Supplies,Paper,Small Box,5.78,0.36,399
Tripp Lite Isotel 8 Ultra 8 Outlet Metal Surge,Office Supplies,Appliances,Small Box,70.97,0.59,400
Fiskars® Softgrip Scissors,Office Supplies,"Scissors, Rulers and Trimmers",Small Pack,10.98,0.57,401
Xerox 1881,Office Supplies,Paper,Small Box,12.28,0.38,402
Hammermill CopyPlus Copy Paper (20Lb. and 84 Bright),Office Supplies,Paper,Small Box,4.98,0.36,403
"Tensor ""Hersey Kiss"" Styled Floor Lamp",Furniture,Office Furnishings,Large Box,12.99,0.73,404
Xerox 1906,Office Supplies,Paper,Small Box,35.44,0.38,405
"Hot File® 7-Pocket, Floor Stand",Office Supplies,Storage & Organization,Small Box,178.47,0.55,406
"*Staples* vLetter Openers, 2/Pack",Office Supplies,"Scissors, Rulers and Trimmers",Wrap Bag,3.68,0.83,407
"GBC White Gloss Covers, Plain Front",Office Supplies,Binders and Binder Accessories,Small Box,14.48,0.38,408
Xerox 1995,Office Supplies,Paper,Small Box,6.48,0.37,409
Artistic Insta-Plaque,Furniture,Office Furnishings,Small Pack,15.68,0.46,410
Newell 307,Office Supplies,Pens & Art Supplies,Wrap Bag,1.82,0.57,411
"Eureka Hand Vacuum, Bagless",Office Supplies,Appliances,Small Box,49.43,0.57,412
V3682,Technology,Telephones and Communication,Small Box,125.99,0.59,413
Canon S750 Color Inkjet Printer,Technology,Office Machines,Jumbo Drum,120.97,0.38,414
"Acco Smartsocket™ Table Surge Protector, 6 Color-Coded Adapter Outlets",Office Supplies,Appliances,Small Box,62.05,0.55,415
Assorted Color Push Pins,Office Supplies,Rubber Bands,Wrap Bag,1.81,0.52,416
"Imation 3.5 IBM Diskettes, 10/Box",Technology,Computer Peripherals,Small Pack,8.46,0.79,417
"GE 4 Foot Flourescent Tube, 40 Watt",Furniture,Office Furnishings,Small Pack,14.98,0.39,418
300 Series Non-Flip,Technology,Telephones and Communication,Small Box,155.99,0.6,419
Decoflex Hanging Personal Folder File,Office Supplies,Storage & Organization,Small Box,15.42,0.59,420
"""While you Were Out"" Message Book, One Form per Page",Office Supplies,Paper,Wrap Bag,3.71,0.35,421
"Tyvek ® Top-Opening Peel & Seel ® Envelopes, Gray",Office Supplies,Envelopes,Small Box,35.94,0.4,422
Hewlett-Packard Deskjet 6122 Color Inkjet Printer,Technology,Office Machines,Jumbo Drum,200.97,0.36,423
Accessory37,Technology,Telephones and Communication,Wrap Bag,20.99,0.81,424
Large Capacity Hanging Post Binders,Office Supplies,Binders and Binder Accessories,Small Box,24.95,0.39,425
"Imation 3.5"" DS/HD IBM Formatted Diskettes, 50/Pack",Technology,Computer Peripherals,Small Pack,15.98,0.64,426
"Acco Pressboard Covers with Storage Hooks, 14 7/8"" x 11"", Light Blue",Office Supplies,Binders and Binder Accessories,Small Box,4.91,0.36,427
Xerox 1916,Office Supplies,Paper,Small Box,48.94,0.35,428
Deflect-o DuraMat Antistatic Studded Beveled Mat for Medium Pile Carpeting,Furniture,Office Furnishings,Large Box,105.34,0.61,429
Hon Comfortask® Task/Swivel Chairs,Furniture,Chairs & Chairmats,Jumbo Drum,113.98,0.69,430
Xerox 204,Office Supplies,Paper,Small Box,6.48,0.37,431
"Black Print Carbonless Snap-Off® Rapid Letter, 8 1/2"" x 7""",Office Supplies,Paper,Wrap Bag,9.11,0.4,432
Staples Plastic Wall Frames,Furniture,Office Furnishings,Small Box,7.96,0.41,433
Cardinal Holdit Business Card Pockets,Office Supplies,Binders and Binder Accessories,Small Box,4.98,0.37,434
Fellowes PB500 Electric Punch Plastic Comb Binding Machine with Manual Bind,Office Supplies,Binders and Binder Accessories,Small Box,1270.99,0.35,435
Crate-A-Files™,Office Supplies,Storage & Organization,Small Box,10.9,0.59,436
Staples SlimLine Pencil Sharpener,Office Supplies,Pens & Art Supplies,Small Pack,11.97,0.6,437
"DAX Two-Tone Rosewood/Black Document Frame, Desktop, 5 x 7",Furniture,Office Furnishings,Small Pack,9.48,0.45,438
Grip Seal Envelopes,Office Supplies,Envelopes,Small Box,4.42,0.38,439
Staples Gold Paper Clips,Office Supplies,Rubber Bands,Wrap Bag,2.98,0.39,440
StarTAC 7797,Technology,Telephones and Communication,Small Box,115.99,0.55,441
DAX Natural Wood-Tone Poster Frame,Furniture,Office Furnishings,Small Box,26.48,0.49,442
Advantus Plastic Paper Clips,Office Supplies,Rubber Bands,Wrap Bag,5.0,0.37,443
Hewlett Packard 6S Scientific Calculator,Technology,Office Machines,Medium Box,12.99,0.39,444
Hon Valutask™ Swivel Chairs,Furniture,Chairs & Chairmats,Jumbo Drum,100.98,0.69,445
"6"" Cubicle Wall Clock, Black",Furniture,Office Furnishings,Small Box,8.09,0.49,446
GBC DocuBind TL300 Electric Binding System,Office Supplies,Binders and Binder Accessories,Small Box,896.99,0.38,447
Belkin 105-Key Black Keyboard,Technology,Computer Peripherals,Small Box,19.98,0.68,448
"Atlantic Metals Mobile 5-Shelf Bookcases, Custom Colors",Furniture,Bookcases,Jumbo Box,300.98,0.55,449
Avery Durable Binders,Office Supplies,Binders and Binder Accessories,Small Box,2.88,0.36,450
Xerox 1964,Office Supplies,Paper,Small Box,22.84,0.39,451
"Wirebound Message Books, 2 7/8"" x 5"", 3 Forms per Page",Office Supplies,Paper,Wrap Bag,7.04,0.38,452
Laminate Occasional Tables,Furniture,Tables,Large Box,154.13,0.68,453
Staples® General Use 3-Ring Binders,Office Supplies,Binders and Binder Accessories,Small Box,1.88,0.37,454
Zoom V.92 USB External Faxmodem,Technology,Computer Peripherals,Small Box,49.99,0.41,455
"Super Bands, 12/Pack",Office Supplies,Rubber Bands,Wrap Bag,1.86,0.82,456
"Seth Thomas 8 1/2"" Cubicle Clock",Furniture,Office Furnishings,Small Box,20.28,0.53,457
252,Technology,Telephones and Communication,Small Box,65.99,0.55,458
Kleencut® Forged Office Shears by Acme United Corporation,Office Supplies,"Scissors, Rulers and Trimmers",Small Pack,2.08,0.55,459
Acme® Elite Stainless Steel Scissors,Office Supplies,"Scissors, Rulers and Trimmers",Small Pack,8.34,0.59,460
Hon iLevel™ Computer Training Table,Furniture,Tables,Jumbo Box,31.76,0.65,461
Recycled Premium Regency Composition Covers,Office Supplies,Binders and Binder Accessories,Small Box,15.28,0.36,462
"Brites Rubber Bands, 1 1/2 oz. Box",Office Supplies,Rubber Bands,Wrap Bag,1.98,0.83,463
"80 Minute Slim Jewel Case CD-R , 10/Pack - Staples",Technology,Computer Peripherals,Small Pack,8.33,0.52,464
Acco Keyboard-In-A-Box®,Technology,Computer Peripherals,Small Box,29.1,0.78,465
Hoover Commercial Soft Guard Upright Vacuum And Disposable Filtration Bags,Office Supplies,Appliances,Small Box,7.77,0.58,466
Anderson Hickey Conga Table Tops & Accessories,Furniture,Tables,Jumbo Box,15.23,0.76,467
"Avery Hi-Liter GlideStik Fluorescent Highlighter, Yellow Ink",Office Supplies,Pens & Art Supplies,Wrap Bag,3.26,0.41,468
"GE 48"" Fluorescent Tube, Cool White Energy Saver, 34 Watts, 30/Box",Furniture,Office Furnishings,Small Pack,99.23,0.35,469
M70,Technology,Telephones and Communication,Small Box,125.99,0.59,470
"Pressboard Data Binder, Crimson, 12"" X 8 1/2""",Office Supplies,Binders and Binder Accessories,Small Box,5.34,0.39,471
8860,Technology,Telephones and Communication,Small Box,65.99,0.56,472
Filing/Storage Totes and Swivel Casters,Office Supplies,Storage & Organization,Small Box,9.71,0.6,473
"Howard Miller 16"" Diameter Gallery Wall Clock",Furniture,Office Furnishings,Small Box,63.94,0.46,474
"Polycom Soundstation EX Audio-Conferencing Telephone, Black",Technology,Office Machines,Medium Box,999.99,0.36,475
"Tenex Personal Self-Stacking Standard File Box, Black/Gray",Office Supplies,Storage & Organization,Small Box,16.91,0.58,476
Eldon Image Series Black Desk Accessories,Furniture,Office Furnishings,Small Box,4.14,0.49,477
Xerox 188,Office Supplies,Paper,Small Box,11.34,0.36,478
Motorola SB4200 Cable Modem,Technology,Computer Peripherals,Small Box,179.99,0.48,479
Accessory25,Technology,Telephones and Communication,Wrap Bag,20.99,0.57,480
Okidata ML395C Color Dot Matrix Printer,Technology,Office Machines,Jumbo Drum,1360.14,0.59,481
Southworth 25% Cotton Linen-Finish Paper & Envelopes,Office Supplies,Paper,Small Box,9.06,0.4,482
DAX Wood Document Frame.,Furniture,Office Furnishings,Wrap Bag,13.73,0.54,483
Multimedia Mailers,Office Supplies,Envelopes,Small Box,162.93,0.39,484
Accessory6,Technology,Telephones and Communication,Small Pack,55.99,0.8,485
Xerox 210,Office Supplies,Paper,Small Box,6.48,0.37,486
"Adams Phone Message Book, 200 Message Capacity, 8 1/16” x 11”",Office Supplies,Paper,Wrap Bag,6.88,0.39,487
Xerox 212,Office Supplies,Paper,Small Box,6.48,0.37,488
Smead Adjustable Mobile File Trolley with Lockable Top,Office Supplies,Storage & Organization,Small Box,419.19,0.58,489
Computer Printout Paper with Letter-Trim Perforations,Office Supplies,Paper,Small Box,18.97,0.37,490
Hewlett-Packard 2600DN Business Color Inkjet Printer,Technology,Office Machines,Jumbo Box,119.99,0.39,491
DAX Clear Channel Poster Frame,Furniture,Office Furnishings,Small Box,14.58,0.48,492
SANFORD Liquid Accent™ Tank-Style Highlighters,Office Supplies,Pens & Art Supplies,Wrap Bag,2.84,0.54,493
SC7868i,Technology,Telephones and Communication,Small Box,125.99,0.55,494
Tennsco Regal Shelving Units,Office Supplies,Storage & Organization,Large Box,101.41,0.82,495
Belkin MediaBoard 104- Keyboard,Technology,Computer Peripherals,Small Box,27.48,0.75,496
"Sharp EL501VB Scientific Calculator, Battery Operated, 10-Digit Display, Hard Case",Technology,Office Machines,Medium Box,9.49,0.39,497
2300 Heavy-Duty Transfer File Systems by Perma,Office Supplies,Storage & Organization,Small Box,24.98,0.66,498
OIC Thumb-Tacks,Office Supplies,Rubber Bands,Wrap Bag,1.14,0.38,499
Lexmark Z55se Color Inkjet Printer,Technology,Office Machines,Jumbo Drum,90.97,0.38,500
Round Specialty Laser Printer Labels,Office Supplies,Labels,Small Box,12.53,0.38,501
Array® Memo Cubes,Office Supplies,Paper,Wrap Bag,5.18,0.36,502
Avery Hanging File Binders,Office Supplies,Binders and Binder Accessories,Small Box,5.98,0.39,503
"Advantus 10-Drawer Portable Organizer, Chrome Metal Frame, Smoke Drawers",Office Supplies,Storage & Organization,Small Box,59.76,0.57,504
Advantus Push Pins,Office Supplies,Rubber Bands,Wrap Bag,2.18,0.44,505
"Rush Hierlooms Collection 1"" Thick Stackable Bookcases",Furniture,Bookcases,Jumbo Box,170.98,0.66,506
Eldon ClusterMat Chair Mat with Cordless Antistatic Protection,Furniture,Office Furnishings,Medium Box,90.98,0.74,507
Hoover Replacement Belt for Commercial Guardsman Heavy-Duty Upright Vacuum,Office Supplies,Appliances,Small Box,2.22,0.55,508
"Companion Letter/Legal File, Black",Office Supplies,Storage & Organization,Small Box,37.76,0.57,509
Bretford CR8500 Series Meeting Room Furniture,Furniture,Tables,Jumbo Box,400.98,0.66,510
Fellowes Command Center 5-outlet power strip,Office Supplies,Appliances,Small Box,67.84,0.58,511
"Verbatim DVD-RAM, 9.4GB, Rewritable, Type 1, DS, DataLife Plus",Technology,Computer Peripherals,Small Pack,45.19,0.55,512
"Linden® 12"" Wall Clock With Oak Frame",Furniture,Office Furnishings,Small Box,33.98,0.55,513
Self-Adhesive Removable Labels,Office Supplies,Labels,Small Box,3.15,0.37,514
Chromcraft Bull-Nose Wood Oval Conference Tables & Bases,Furniture,Tables,Jumbo Box,550.98,0.71,515
Vinyl Sectional Post Binders,Office Supplies,Binders and Binder Accessories,Small Box,37.7,0.35,516
"Imation 3.5"" IBM-Formatted Diskettes, 10/Pack",Technology,Computer Peripherals,Small Pack,5.98,0.68,517
Avery 494,Office Supplies,Labels,Small Box,2.61,0.39,518
"Micro Innovations Micro Digital Wireless Keyboard and Mouse, Gray",Technology,Computer Peripherals,Small Box,83.1,0.45,519
Xerox 1923,Office Supplies,Paper,Small Box,6.68,0.37,520
Balt Split Level Computer Training Table,Furniture,Tables,Jumbo Box,138.75,0.74,521
"Seth Thomas 13 1/2"" Wall Clock",Furniture,Office Furnishings,Small Box,17.78,0.54,522
"Global Leather & Oak Executive Chair, Burgundy",Furniture,Chairs & Chairmats,Jumbo Drum,150.89,0.77,523
"GBC Laser Imprintable Binding System Covers, Desert Sand",Office Supplies,Binders and Binder Accessories,Small Box,14.27,0.38,524
Rush Hierlooms Collection Rich Wood Bookcases,Furniture,Bookcases,Jumbo Box,160.98,0.72,525
HP Office Recycled Paper (20Lb. and 87 Bright),Office Supplies,Paper,Small Box,5.78,0.36,526
5125,Technology,Telephones and Communication,Small Box,200.99,0.59,527
Ibico Laser Imprintable Binding System Covers,Office Supplies,Binders and Binder Accessories,Small Box,52.4,0.39,528
"Dixon Ticonderoga Core-Lock Colored Pencils, 48-Color Set",Office Supplies,Pens & Art Supplies,Wrap Bag,36.55,0.41,529
Eldon® Gobal File Keepers,Office Supplies,Storage & Organization,Small Box,15.14,0.81,530
Staples Standard Envelopes,Office Supplies,Envelopes,Small Box,5.68,0.38,531
Hayes Optima 56K V.90 Internal Voice Modem,Technology,Computer Peripherals,Small Box,256.99,0.51,532
"Perma STOR-ALL™ Hanging File Box, 13 1/8""W x 12 1/4""D x 10 1/2""H",Office Supplies,Storage & Organization,Small Box,5.98,0.68,533
Fluorescent Highlighters by Dixon,Office Supplies,Pens & Art Supplies,Wrap Bag,3.98,0.51,534
"IBM 80 Minute CD-R Spindle, 50/Pack",Technology,Computer Peripherals,Small Pack,20.89,0.48,535
Xerox 1947,Office Supplies,Paper,Small Box,5.98,0.4,536
g520,Technology,Telephones and Communication,Small Box,65.99,0.59,537
Maxell DVD-RAM Discs,Technology,Computer Peripherals,Small Pack,16.48,0.42,538
GBC DocuBind 200 Manual Binding Machine,Office Supplies,Binders and Binder Accessories,Small Box,420.98,0.35,539
Fellowes Mighty 8 Compact Surge Protector,Office Supplies,Appliances,Small Box,20.27,0.57,540
"Memorex Slim 80 Minute CD-R, 10/Pack",Technology,Computer Peripherals,Small Pack,9.78,0.43,541
Xerox 1996,Office Supplies,Paper,Small Box,6.48,0.37,542
"Eldon® 200 Class™ Desk Accessories, Burgundy",Furniture,Office Furnishings,Small Box,6.28,0.43,543
Xerox 1888,Office Supplies,Paper,Small Box,55.48,0.37,544
"Eldon Expressions™ Desk Accessory, Wood Photo Frame, Mahogany",Furniture,Office Furnishings,Small Box,19.04,0.56,545
Global Troy™ Executive Leather Low-Back Tilter,Furniture,Chairs & Chairmats,Jumbo Drum,500.98,0.6,546
DAX Solid Wood Frames,Furniture,Office Furnishings,Medium Box,9.77,0.48,547
Newell 329,Office Supplies,Pens & Art Supplies,Wrap Bag,3.28,0.59,548
Stockwell Push Pins,Office Supplies,Rubber Bands,Wrap Bag,2.18,0.52,549
"Bevis Round Conference Table Top, X-Base",Furniture,Tables,Jumbo Box,179.29,0.76,550
Avery Reinforcements for Hole-Punch Pages,Office Supplies,Binders and Binder Accessories,Small Box,1.98,0.4,551
Polycom ViewStation™ ISDN Videoconferencing Unit,Technology,Office Machines,Large Box,6783.02,0.39,552
"GBC Clear Cover, 8-1/2 x 11, unpunched, 25 covers per pack",Office Supplies,Binders and Binder Accessories,Small Box,15.16,0.39,553
Acme® Preferred Stainless Steel Scissors,Office Supplies,"Scissors, Rulers and Trimmers",Small Pack,5.68,0.56,554
"TDK 4.7GB DVD-R Spindle, 15/Pack",Technology,Computer Peripherals,Small Pack,40.97,0.42,555
600 Series Non-Flip,Technology,Telephones and Communication,Small Box,45.99,0.57,556
Panasonic KX-P2130 Dot Matrix Printer,Technology,Office Machines,Jumbo Drum,213.45,0.59,557
Xerox 1882,Office Supplies,Paper,Small Box,55.98,0.36,558
"Letter/Legal File Tote with Clear Snap-On Lid, Black Granite",Office Supplies,Storage & Organization,Small Box,16.06,0.59,559
"Eaton Premium Continuous-Feed Paper, 25% Cotton, Letter Size, White, 1000 Shts/Box",Office Supplies,Paper,Small Box,55.48,0.37,560
Acco® Hot Clips™ Clips to Go,Office Supplies,Rubber Bands,Wrap Bag,3.29,0.4,561
Belkin Premiere Surge Master II 8-outlet surge protector,Office Supplies,Appliances,Small Box,48.58,0.56,562
Staples Colored Interoffice Envelopes,Office Supplies,Envelopes,Small Box,30.98,0.36,563
Electrix Fluorescent Magnifier Lamps & Weighted Base,Furniture,Office Furnishings,Large Box,49.34,0.57,564
636,Technology,Telephones and Communication,Small Box,115.99,0.57,565
Fellowes Stor/Drawer® Steel Plus™ Storage Drawers,Office Supplies,Storage & Organization,Small Box,95.43,0.79,566
Ibico Presentation Index for Binding Systems,Office Supplies,Binders and Binder Accessories,Small Box,3.98,0.38,567
Xerox 207,Office Supplies,Paper,Small Box,6.48,0.37,568
6185,Technology,Telephones and Communication,Small Box,205.99,0.58,569
Accessory35,Technology,Telephones and Communication,Small Box,35.99,0.55,570
Super Decoflex Portable Personal File,Office Supplies,Storage & Organization,Small Box,14.98,0.57,571
Xerox 197,Office Supplies,Paper,Small Box,30.98,0.4,572
StarTAC 8000,Technology,Telephones and Communication,Small Box,205.99,0.6,573
3M Polarizing Light Filter Sleeves,Furniture,Office Furnishings,Small Pack,18.65,0.39,574
Space Solutions™ Industrial Galvanized Steel Shelving.,Office Supplies,Storage & Organization,Large Box,78.8,0.83,575
"Chromcraft 48"" x 96"" Racetrack Double Pedestal Table",Furniture,Tables,Jumbo Box,320.64,0.66,576
Ibico EB-19 Dual Function Manual Binding System,Office Supplies,Binders and Binder Accessories,Small Box,172.99,0.39,577
Global Leather Executive Chair,Furniture,Chairs & Chairmats,Jumbo Drum,350.99,0.55,578
"AT&T Black Trimline Phone, Model 210",Technology,Office Machines,Small Box,15.99,0.49,579
O'Sullivan Living Dimensions 2-Shelf Bookcases,Furniture,Bookcases,Jumbo Box,120.98,0.75,580
Binder Clips by OIC,Office Supplies,Rubber Bands,Wrap Bag,1.48,0.37,581
Fellowes Superior 10 Outlet Split Surge Protector,Office Supplies,Appliances,Small Box,38.06,0.56,582
Hewlett Packard LaserJet 3310 Copier,Technology,Copiers and Fax,Large Box,599.99,0.37,583
Unpadded Memo Slips,Office Supplies,Paper,Wrap Bag,3.98,0.35,584
Hon Non-Folding Utility Tables,Furniture,Tables,Jumbo Drum,159.31,0.55,585
Newell 339,Office Supplies,Pens & Art Supplies,Wrap Bag,2.78,0.59,586
"Fellowes Strictly Business® Drawer File, Letter/Legal Size",Office Supplies,Storage & Organization,Small Box,140.85,0.73,587
Gyration Ultra Cordless Optical Suite,Technology,Computer Peripherals,Small Box,100.97,0.46,588
Electrix 20W Halogen Replacement Bulb for Zoom-In Desk Lamp,Furniture,Office Furnishings,Small Pack,13.4,0.37,589
Boston 1799 Powerhouse™ Electric Pencil Sharpener,Office Supplies,Pens & Art Supplies,Small Pack,25.98,0.57,590
"Tennsco Lockers, Gray",Office Supplies,Storage & Organization,Jumbo Drum,20.98,0.78,591
Safco Industrial Wire Shelving,Office Supplies,Storage & Organization,Large Box,95.99,0.6,592
Xerox 23,Office Supplies,Paper,Small Box,6.48,0.37,593
Global Enterprise Series Seating High-Back Swivel/Tilt Chairs,Furniture,Chairs & Chairmats,Jumbo Drum,270.98,0.77,594
Bevis Round Conference Table Top & Single Column Base,Furniture,Tables,Jumbo Box,146.34,0.64,595
Wilson Jones DublLock® D-Ring Binders,Office Supplies,Binders and Binder Accessories,Small Box,6.75,0.35,596
T65,Technology,Telephones and Communication,Small Box,195.99,0.56,597
"Lesro Sheffield Collection Coffee Table, End Table, Center Table, Corner Table",Furniture,Tables,Large Box,71.37,0.68,598
DAX Cubicle Frames - 8x10,Furniture,Office Furnishings,Medium Box,5.77,0.55,599
"Imation Primaris 3.5"" 2HD Unformatted Diskettes, 10/Pack",Technology,Computer Peripherals,Small Pack,4.77,0.72,600
"Tyvek ® Top-Opening Peel & Seel Envelopes, Plain White",Office Supplies,Envelopes,Small Box,27.18,0.38,601
Peel-Off® China Markers,Office Supplies,Pens & Art Supplies,Wrap Bag,9.93,0.43,602
Xerox 1984,Office Supplies,Paper,Small Box,6.48,0.36,603
Xerox 1951,Office Supplies,Paper,Small Box,30.98,0.4,604
Xerox 1905,Office Supplies,Paper,Small Box,6.48,0.37,605
Advantus Rolling Storage Box,Office Supplies,Storage & Organization,Small Box,17.15,0.58,606
Accessory9,Technology,Telephones and Communication,Small Pack,35.99,0.39,607
Boston KS Multi-Size Manual Pencil Sharpener,Office Supplies,Pens & Art Supplies,Small Pack,22.99,0.57,608
"Dixon Ticonderoga® Erasable Colored Pencil Set, 12-Color",Office Supplies,Pens & Art Supplies,Wrap Bag,5.98,0.51,609
Deflect-O® Glasstique™ Clear Desk Accessories,Furniture,Office Furnishings,Wrap Bag,7.7,0.52,610
Acme Kleencut® Forged Steel Scissors,Office Supplies,"Scissors, Rulers and Trimmers",Small Pack,5.74,0.55,611
Eureka The Boss® Cordless Rechargeable Stick Vac,Office Supplies,Appliances,Small Box,50.98,0.58,612
Security-Tint Envelopes,Office Supplies,Envelopes,Small Box,7.64,0.36,613
6162,Technology,Telephones and Communication,Small Box,125.99,0.59,614
Microsoft Natural Keyboard Elite,Technology,Computer Peripherals,Small Box,39.98,0.7,615
"SAFCO Commercial Wire Shelving, Black",Office Supplies,Storage & Organization,Large Box,138.14,0.6,616
Kensington 6 Outlet MasterPiece® HOMEOFFICE Power Control Center,Office Supplies,Appliances,Small Box,90.24,0.56,617
Xerox 1938,Office Supplies,Paper,Small Box,47.9,0.37,618
GBC Plastic Binding Combs,Office Supplies,Binders and Binder Accessories,Small Box,7.38,0.36,619
Avery 496,Office Supplies,Labels,Small Box,3.75,0.37,620
Tripp Lite Isotel 6 Outlet Surge Protector with Fax/Modem Protection,Office Supplies,Appliances,Small Box,60.97,0.56,621
"Imation Neon 80 Minute CD-R Spindle, 50/Pack",Technology,Computer Peripherals,Small Pack,33.98,0.45,622
"Eldon® Expressions™ Wood and Plastic Desk Accessories, Oak",Furniture,Office Furnishings,Small Box,9.98,0.57,623
"Bush Cubix Collection Bookcases, Fully Assembled",Furniture,Bookcases,Jumbo Box,220.98,0.62,624
Acco Perma® 2700 Stacking Storage Drawers,Office Supplies,Storage & Organization,Small Box,29.74,0.7,625
"Dixon My First Ticonderoga Pencil, #2",Office Supplies,Pens & Art Supplies,Wrap Bag,5.85,0.56,626
Prang Dustless Chalk Sticks,Office Supplies,Pens & Art Supplies,Wrap Bag,1.68,0.35,627
"Imation 3.5, DISKETTE 44766 HGHLD3.52HD/FM, 10/Pack",Technology,Computer Peripherals,Small Pack,5.02,0.79,628
Accessory32,Technology,Telephones and Communication,Small Pack,55.99,0.35,629
SouthWestern Bell FA970 Digital Answering Machine with Time/Day Stamp,Technology,Telephones and Communication,Medium Box,28.99,0.56,630
Avery 510,Office Supplies,Labels,Small Box,3.75,0.37,631
Dana Swing-Arm Lamps,Furniture,Office Furnishings,Large Box,10.68,0.6,632
KI Conference Tables,Furniture,Tables,Jumbo Box,70.89,0.72,633
Serrated Blade or Curved Handle Hand Letter Openers,Office Supplies,"Scissors, Rulers and Trimmers",Wrap Bag,3.14,0.84,634
"TOPS Money Receipt Book, Consecutively Numbered in Red,",Office Supplies,Paper,Wrap Bag,8.01,0.4,635
Xerox 1880,Office Supplies,Paper,Small Box,35.44,0.38,636
Staples Metal Binder Clips,Office Supplies,Rubber Bands,Wrap Bag,2.62,0.39,637
Iris Project Case,Office Supplies,Storage & Organization,Medium Box,7.98,0.59,638
Boston 1645 Deluxe Heavier-Duty Electric Pencil Sharpener,Office Supplies,Pens & Art Supplies,Small Pack,43.98,0.58,639
Honeywell Enviracaire Portable HEPA Air Cleaner for 17' x 22' Room,Office Supplies,Appliances,Large Box,300.65,0.52,640
US Robotics 56K V.92 Internal PCI Faxmodem,Technology,Computer Peripherals,Small Box,49.99,0.45,641
Xerox 1941,Office Supplies,Paper,Small Box,104.85,0.37,642
O'Sullivan Cherrywood Estates Traditional Barrister Bookcase,Furniture,Bookcases,Jumbo Box,137.48,0.78,643
Gyration Ultra Professional Cordless Optical Suite,Technology,Computer Peripherals,Small Box,300.97,0.48,644
Xerox 1932,Office Supplies,Paper,Small Box,35.44,0.38,645
4009® Highlighters by Sanford,Office Supplies,Pens & Art Supplies,Wrap Bag,3.98,0.52,646
"Quartet Alpha® White Chalk, 12/Pack",Office Supplies,Pens & Art Supplies,Wrap Bag,2.21,0.38,647
Kensington 6 Outlet SmartSocket Surge Protector,Office Supplies,Appliances,Small Box,40.98,0.6,648
Bevis Boat-Shaped Conference Table,Furniture,Tables,Jumbo Box,262.11,0.75,649
"File Shuttle II and Handi-File, Black",Office Supplies,Storage & Organization,Small Box,33.89,0.6,650
Hon 2090 “Pillow Soft” Series Mid Back Swivel/Tilt Chairs,Furniture,Chairs & Chairmats,Jumbo Drum,280.98,0.78,651
"Imation 3.5"" DS-HD Macintosh Formatted Diskettes, 10/Pack",Technology,Computer Peripherals,Small Pack,7.28,0.68,652
"Wilson Jones Elliptical Ring 3 1/2"" Capacity Binders, 800 sheets",Office Supplies,Binders and Binder Accessories,Small Box,42.8,0.36,653
Rogers® Profile Extra Capacity Storage Tub,Office Supplies,Storage & Organization,Small Box,16.74,0.81,654
G.E. Longer-Life Indoor Recessed Floodlight Bulbs,Furniture,Office Furnishings,Small Pack,6.64,0.37,655
"Wirebound Four 2-3/4 x 5 Forms per Page, 400 Sets per Book",Office Supplies,Paper,Wrap Bag,6.45,0.36,656
Xerox 231,Office Supplies,Paper,Small Box,6.48,0.37,657
Avery 506,Office Supplies,Labels,Small Box,4.13,0.39,658
Universal Premium White Copier/Laser Paper (20Lb. and 87 Bright),Office Supplies,Paper,Small Box,5.98,0.36,659
"Premium Writing Pencils, Soft, #2 by Central Association for the Blind",Office Supplies,Pens & Art Supplies,Wrap Bag,2.98,0.57,660
"Eldon Expressions Punched Metal & Wood Desk Accessories, Black & Cherry",Furniture,Office Furnishings,Small Box,9.38,0.57,661
Avery 501,Office Supplies,Labels,Small Box,3.69,0.38,662
"REDIFORM Incoming/Outgoing Call Register, 11"" X 8 1/2"", 100 Messages",Office Supplies,Paper,Wrap Bag,8.34,0.35,663
Acme® Office Executive Series Stainless Steel Trimmers,Office Supplies,"Scissors, Rulers and Trimmers",Small Pack,8.57,0.59,664
PC Concepts 116 Key Quantum 3000 Keyboard,Technology,Computer Peripherals,Small Box,32.98,0.75,665
Wausau Papers Astrobrights® Colored Envelopes,Office Supplies,Envelopes,Small Box,5.98,0.36,666
Newell 335,Office Supplies,Pens & Art Supplies,Wrap Bag,2.88,0.56,667
Eldon Cleatmat Plus™ Chair Mats for High Pile Carpets,Furniture,Office Furnishings,Medium Box,79.52,0.74,668
StarTAC Analog,Technology,Telephones and Communication,Small Box,65.99,0.6,669
"Fellowes Mobile Numeric Keypad, Graphite",Technology,Computer Peripherals,Small Box,43.22,0.66,670
"Global Push Button Manager's Chair, Indigo",Furniture,Chairs & Chairmats,Jumbo Drum,60.89,0.56,671
BPI Conference Tables,Furniture,Tables,Jumbo Box,146.05,0.71,672
Avery 514,Office Supplies,Labels,Small Box,2.88,0.36,673
"Maxell Pro 80 Minute CD-R, 10/Pack",Technology,Computer Peripherals,Small Pack,17.48,0.45,674
Staples Brown Kraft Recycled Clasp Envelopes,Office Supplies,Envelopes,Small Box,5.58,0.35,675
Eldon Executive Woodline II Cherry Finish Desk Accessories,Furniture,Office Furnishings,Small Box,40.89,0.57,676
Xerox 1922,Office Supplies,Paper,Small Box,4.98,0.36,677
Logitech Access Keyboard,Technology,Computer Peripherals,Small Box,15.98,0.37,678
Xerox 1929,Office Supplies,Paper,Small Box,22.84,0.39,679
Lexmark 4227 Plus Dot Matrix Printer,Technology,Office Machines,Jumbo Drum,2036.48,0.55,680
Catalog Binders with Expanding Posts,Office Supplies,Binders and Binder Accessories,Small Box,67.28,0.4,681
"Decoflex Hanging Personal Folder File, Blue",Office Supplies,Storage & Organization,Small Box,15.42,0.58,682
Fellowes Super Stor/Drawer®,Office Supplies,Storage & Organization,Small Box,27.75,0.67,683
Novimex Swivel Fabric Task Chair,Furniture,Chairs & Chairmats,Jumbo Drum,150.98,0.74,684
Eldon Portable Mobile Manager,Office Supplies,Storage & Organization,Medium Box,28.28,0.58,685
Accessory27,Technology,Telephones and Communication,Small Box,35.99,0.85,686
VTech VT20-2481 2.4GHz Two-Line Phone System w/Answering Machine,Technology,Telephones and Communication,Medium Box,179.99,0.57,687
Eldon Expressions Mahogany Wood Desk Collection,Furniture,Office Furnishings,Small Box,6.24,0.6,688
Xerox 1954,Office Supplies,Paper,Small Box,5.28,0.4,689
KF 788,Technology,Telephones and Communication,Small Box,45.99,0.56,690
Heavy-Duty E-Z-D® Binders,Office Supplies,Binders and Binder Accessories,Small Box,10.91,0.38,691
Jet-Pak Recycled Peel 'N' Seal Padded Mailers,Office Supplies,Envelopes,Small Box,35.89,0.4,692
Personal Creations™ Ink Jet Cards and Labels,Office Supplies,Paper,Small Box,11.48,0.36,693
Targus USB Numeric Keypad,Technology,Computer Peripherals,Small Box,40.98,0.74,694
Fellowes PB300 Plastic Comb Binding Machine,Office Supplies,Binders and Binder Accessories,Small Box,387.99,0.38,695
Colored Envelopes,Office Supplies,Envelopes,Small Box,3.69,0.39,696
"Imation 3.5"" DS/HD IBM Formatted Diskettes, 10/Pack",Technology,Computer Peripherals,Small Pack,5.98,0.75,697
LX 677,Technology,Telephones and Communication,Small Box,110.99,0.57,698
"Advantus Push Pins, Aluminum Head",Office Supplies,Rubber Bands,Wrap Bag,5.81,0.54,699
X-Rack™ File for Hanging Folders,Office Supplies,Storage & Organization,Small Box,11.29,0.59,700
Peel & Stick Add-On Corner Pockets,Office Supplies,Binders and Binder Accessories,Small Box,2.16,0.37,701
Xerox 21,Office Supplies,Paper,Small Box,6.48,0.37,702
Avery 487,Office Supplies,Labels,Small Box,3.69,0.38,703
"Quartet Omega® Colored Chalk, 12/Pack",Office Supplies,Pens & Art Supplies,Wrap Bag,5.84,0.38,704
Microsoft Natural Multimedia Keyboard,Technology,Computer Peripherals,Small Box,50.98,0.73,705
GBC DocuBind 300 Electric Binding Machine,Office Supplies,Binders and Binder Accessories,Small Box,525.98,0.37,706
Portfile® Personal File Boxes,Office Supplies,Storage & Organization,Small Box,17.7,0.59,707
Staples Surge Protector 6 outlet,Office Supplies,Appliances,Small Box,10.98,0.58,708
Avery 482,Office Supplies,Labels,Small Box,2.89,0.38,709
Hon GuestStacker Chair,Furniture,Chairs & Chairmats,Jumbo Drum,226.67,0.59,710
"Trav-L-File Heavy-Duty Shuttle II, Black",Office Supplies,Storage & Organization,Small Box,43.57,0.55,711
"BOSTON® Ranger® #55 Pencil Sharpener, Black",Office Supplies,Pens & Art Supplies,Small Box,25.99,0.56,712
Hewlett-Packard Deskjet 3820 Color Inkjet Printer,Technology,Office Machines,Jumbo Drum,100.97,0.37,713
Avery 485,Office Supplies,Labels,Small Box,12.53,0.38,714
i270,Technology,Telephones and Communication,Small Box,65.99,0.55,715
Imation DVD-RAM discs,Technology,Computer Peripherals,Small Pack,35.41,0.43,716
Letter Size Cart,Office Supplies,Storage & Organization,Small Box,142.86,0.56,717
GBC DocuBind TL200 Manual Binding Machine,Office Supplies,Binders and Binder Accessories,Small Box,223.98,0.38,718
Global Commerce™ Series High-Back Swivel/Tilt Chairs,Furniture,Chairs & Chairmats,Jumbo Drum,284.98,0.6,719
"Fellowes Personal Hanging Folder Files, Navy",Office Supplies,Storage & Organization,Small Box,13.43,0.57,720
"Hunt BOSTON® Vista® Battery-Operated Pencil Sharpener, Black",Office Supplies,Pens & Art Supplies,Small Pack,11.66,0.58,721
TI 36X Solar Scientific Calculator,Technology,Office Machines,Medium Box,23.99,0.38,722
Eldon Simplefile® Box Office®,Office Supplies,Storage & Organization,Medium Box,12.44,0.57,723
Newell 308,Office Supplies,Pens & Art Supplies,Wrap Bag,1.68,0.6,724
Accessory17,Technology,Telephones and Communication,Wrap Bag,35.99,0.82,725
8890,Technology,Telephones and Communication,Small Box,115.99,0.58,726
12-1/2 Diameter Round Wall Clock,Furniture,Office Furnishings,Small Box,19.98,0.49,727
Regeneration Desk Collection,Furniture,Office Furnishings,Small Box,1.76,0.41,728
TimeportP7382,Technology,Telephones and Communication,Small Box,205.99,0.56,729
Newell 340,Office Supplies,Pens & Art Supplies,Wrap Bag,2.88,0.56,730
Xerox 1991,Office Supplies,Paper,Small Box,22.84,0.39,731
T60,Technology,Telephones and Communication,Small Box,95.99,0.56,732
TI 30X Scientific Calculator,Technology,Office Machines,Medium Box,11.99,0.36,733
"Executive Impressions 13-1/2"" Indoor/Outdoor Wall Clock",Furniture,Office Furnishings,Small Pack,18.7,0.47,734
"Executive Impressions 14"" Contract Wall Clock",Furniture,Office Furnishings,Small Pack,22.23,0.52,735
"Avery® 3 1/2"" Diskette Storage Pages, 10/Pack",Office Supplies,Binders and Binder Accessories,Small Box,10.44,0.39,736
"Bevis Round Bullnose 29"" High Table Top",Furniture,Tables,Jumbo Box,259.71,0.62,737
Ibico EPK-21 Electric Binding System,Office Supplies,Binders and Binder Accessories,Small Box,1889.99,0.36,738
"Career Cubicle Clock, 8 1/4"", Black",Furniture,Office Furnishings,Small Box,20.28,0.47,739
Hammermill Color Copier Paper (28Lb. and 96 Bright),Office Supplies,Paper,Small Box,9.99,0.4,740
5170i,Technology,Telephones and Communication,Small Box,125.99,0.57,741
Revere Boxed Rubber Bands by Revere,Office Supplies,Rubber Bands,Wrap Bag,1.89,0.83,742
Newell 326,Office Supplies,Pens & Art Supplies,Wrap Bag,1.76,0.56,743
Lumber Crayons,Office Supplies,Pens & Art Supplies,Wrap Bag,9.85,0.47,744
"Iris® 3-Drawer Stacking Bin, Black",Office Supplies,Storage & Organization,Small Box,20.89,0.83,745
Storex DuraTech Recycled Plastic Frosted Binders,Office Supplies,Binders and Binder Accessories,Small Box,4.24,0.35,746
Ultra Commercial Grade Dual Valve Door Closer,Furniture,Office Furnishings,Wrap Bag,39.89,0.53,747
Acco 6 Outlet Guardian Premium Surge Suppressor,Office Supplies,Appliances,Small Box,14.56,0.58,748
Sanford Liquid Accent Highlighters,Office Supplies,Pens & Art Supplies,Wrap Bag,6.68,0.48,749
*Staples* Packaging Labels,Office Supplies,Labels,Small Box,2.89,0.38,750
Bevis Steel Folding Chairs,Furniture,Chairs & Chairmats,Jumbo Drum,95.95,0.57,751
Xerox 1917,Office Supplies,Paper,Small Box,48.91,0.38,752
Novimex Turbo Task Chair,Furniture,Chairs & Chairmats,Jumbo Drum,70.98,0.73,753
HP Office Paper (20Lb. and 87 Bright),Office Supplies,Paper,Small Box,6.68,0.37,754
Hewlett-Packard Deskjet 1220Cse Color Inkjet Printer,Technology,Office Machines,Jumbo Box,400.97,0.36,755
Accessory15,Technology,Telephones and Communication,Small Pack,20.99,0.83,756
Hunt Boston® Vacuum Mount KS Pencil Sharpener,Office Supplies,Pens & Art Supplies,Small Box,34.99,0.59,757
Desktop 3-Pocket Hot File®,Office Supplies,Storage & Organization,Small Box,54.1,0.59,758
"Global Leather Highback Executive Chair with Pneumatic Height Adjustment, Black",Furniture,Chairs & Chairmats,Jumbo Drum,200.98,0.58,759
"Post-it® “Important Message” Note Pad, Neon Colors, 50 Sheets/Pad",Office Supplies,Paper,Wrap Bag,7.28,0.37,760
Xerox 216,Office Supplies,Paper,Small Box,6.48,0.37,761
Eldon Antistatic Chair Mats for Low to Medium Pile Carpets,Furniture,Office Furnishings,Large Box,105.29,0.79,762
Fellowes Binding Cases,Office Supplies,Binders and Binder Accessories,Small Box,11.7,0.4,763
StarTAC 7760,Technology,Telephones and Communication,Small Box,65.99,0.59,764
"Sanford EarthWrite® Recycled Pencils, Medium Soft, #2",Office Supplies,Pens & Art Supplies,Wrap Bag,2.1,0.57,765
Canon PC1080F Personal Copier,Technology,Copiers and Fax,Large Box,599.99,0.5,766
Holmes Harmony HEPA Air Purifier for 17 x 20 Room,Office Supplies,Appliances,Medium Box,225.04,0.42,767
XtraLife® ClearVue™ Slant-D® Ring Binders by Cardinal,Office Supplies,Binders and Binder Accessories,Small Box,7.84,0.35,768
"Binney & Smith inkTank™ Erasable Pocket Highlighter, Chisel Tip, Yellow",Office Supplies,Pens & Art Supplies,Wrap Bag,2.28,0.41,769
"Deflect-o RollaMat Studded, Beveled Mat for Medium Pile Carpeting",Furniture,Office Furnishings,Medium Box,92.23,0.67,770
Hon Rectangular Conference Tables,Furniture,Tables,Jumbo Box,227.55,0.68,771
GBC Standard Plastic Binding Systems' Combs,Office Supplies,Binders and Binder Accessories,Small Box,6.28,0.4,772
Wilson Jones Impact Binders,Office Supplies,Binders and Binder Accessories,Small Box,5.18,0.36,773
Fellowes Recycled Storage Drawers,Office Supplies,Storage & Organization,Small Box,111.03,0.78,774
"3M Polarizing Task Lamp with Clamp Arm, Light Gray",Furniture,Office Furnishings,Large Box,136.98,0.59,775
"Boston Model 1800 Electric Pencil Sharpener, Gray",Office Supplies,Pens & Art Supplies,Small Pack,28.15,0.55,776
Boston 1730 StandUp Electric Pencil Sharpener,Office Supplies,Pens & Art Supplies,Small Pack,21.38,0.59,777
AT&T 2230 Dual Handset Phone With Caller ID/Call Waiting,Technology,Office Machines,Small Box,99.99,0.52,778
Balt Solid Wood Rectangular Table,Furniture,Tables,Jumbo Box,105.49,0.75,779
Sanford 52201 APSCO Electric Pencil Sharpener,Office Supplies,Pens & Art Supplies,Small Pack,40.97,0.59,780
Prang Colored Pencils,Office Supplies,Pens & Art Supplies,Wrap Bag,2.94,0.4,781
Economy Rollaway Files,Office Supplies,Storage & Organization,Small Box,165.2,0.59,782
"Deflect-o EconoMat Studded, No Bevel Mat for Low Pile Carpeting",Furniture,Office Furnishings,Medium Box,41.32,0.76,783
"#10- 4 1/8"" x 9 1/2"" Recycled Envelopes",Office Supplies,Envelopes,Small Box,8.74,0.38,784
"DAX Value U-Channel Document Frames, Easel Back",Furniture,Office Furnishings,Medium Box,4.97,0.54,785
6120,Technology,Telephones and Communication,Small Box,65.99,0.58,786
"Telephone Message Books with Fax/Mobile Section, 4 1/4"" x 6""",Office Supplies,Paper,Wrap Bag,3.6,0.39,787
"Tenex Personal Project File with Scoop Front Design, Black",Office Supplies,Storage & Organization,Small Box,13.48,0.59,788
Talkabout T8097,Technology,Telephones and Communication,Small Box,205.99,0.58,789
Surelock™ Post Binders,Office Supplies,Binders and Binder Accessories,Small Box,30.56,0.35,790
Panasonic KP-310 Heavy-Duty Electric Pencil Sharpener,Office Supplies,Pens & Art Supplies,Small Pack,21.98,0.55,791
Xerox 1892,Office Supplies,Paper,Small Box,38.76,0.36,792
"Chromcraft Bull-Nose Wood Round Conference Table Top, Wood Base",Furniture,Tables,Jumbo Box,217.85,0.68,793
"Memorex 80 Minute CD-R Spindle, 100/Pack",Technology,Computer Peripherals,Small Pack,43.98,0.44,794
Avery Heavy-Duty EZD ™ Binder With Locking Rings,Office Supplies,Binders and Binder Accessories,Small Box,5.58,0.37,795
"Wirebound Service Call Books, 5 1/2"" x 4""",Office Supplies,Paper,Wrap Bag,9.68,0.37,796
"Iceberg OfficeWorks 42"" Round Tables",Furniture,Tables,Jumbo Box,150.98,0.7,797
Zoom V.92 V.44 PCI Internal Controllerless FaxModem,Technology,Computer Peripherals,Small Box,39.99,0.55,798
GBC Recycled Grain Textured Covers,Office Supplies,Binders and Binder Accessories,Small Box,34.54,0.37,799
Panasonic KP-350BK Electric Pencil Sharpener with Auto Stop,Office Supplies,Pens & Art Supplies,Small Pack,34.58,0.56,800
GBC ProClick™ 150 Presentation Binding System,Office Supplies,Binders and Binder Accessories,Small Box,315.98,0.38,801
"Fellowes Smart Surge Ten-Outlet Protector, Platinum",Office Supplies,Appliances,Small Box,60.22,0.57,802
Fellowes Neat Ideas® Storage Cubes,Office Supplies,Storage & Organization,Large Box,32.48,0.81,803
Southworth Structures Collection™,Office Supplies,Paper,Small Box,7.28,0.35,804
Micro Innovations 104 Keyboard,Technology,Computer Peripherals,Small Box,10.97,0.64,805
O'Sullivan 3-Shelf Heavy-Duty Bookcases,Furniture,Bookcases,Jumbo Box,58.14,0.61,806
Park Ridge™ Embossed Executive Business Envelopes,Office Supplies,Envelopes,Small Box,15.57,0.38,807
Deflect-o Glass Clear Studded Chair Mats,Furniture,Office Furnishings,Medium Box,62.18,0.63,808
Xerox 1961,Office Supplies,Paper,Small Box,4.98,0.38,809
Novimex Fabric Task Chair,Furniture,Chairs & Chairmats,Jumbo Drum,60.98,0.7,810
"1.7 Cubic Foot Compact ""Cube"" Office Refrigerators",Office Supplies,Appliances,Jumbo Drum,208.16,0.58,811
Newell 336,Office Supplies,Pens & Art Supplies,Wrap Bag,4.28,0.56,812
"Verbatim DVD-R, 3.95GB, SR, Mitsubishi Branded, Jewel",Technology,Computer Peripherals,Small Pack,22.24,0.43,813
Wilson Jones Suede Grain Vinyl Binders,Office Supplies,Binders and Binder Accessories,Small Box,2.78,0.36,814
Fellowes Officeware™ Wire Shelving,Office Supplies,Storage & Organization,Large Box,89.83,0.83,815
Xerox 19,Office Supplies,Paper,Small Box,30.98,0.4,816
Newell 342,Office Supplies,Pens & Art Supplies,Wrap Bag,3.28,0.56,817
EcoTones® Memo Sheets,Office Supplies,Paper,Wrap Bag,4.0,0.37,818
GBC VeloBinder Strips,Office Supplies,Binders and Binder Accessories,Small Box,7.68,0.35,819
Xerox 1936,Office Supplies,Paper,Small Box,19.98,0.38,820
SAFCO Arco Folding Chair,Furniture,Chairs & Chairmats,Large Box,276.2,0.62,821
StarTAC 3000,Technology,Telephones and Communication,Small Box,125.99,0.59,822
6160,Technology,Telephones and Communication,Small Box,115.99,0.57,823
Okidata Pacemark 4410N Wide Format Dot Matrix Printer,Technology,Office Machines,Jumbo Box,3502.14,0.57,824
Prismacolor Color Pencil Set,Office Supplies,Pens & Art Supplies,Wrap Bag,19.84,0.44,825
"Dixon Prang® Watercolor Pencils, 10-Color Set with Brush",Office Supplies,Pens & Art Supplies,Wrap Bag,4.26,0.44,826
Fuji Slim Jewel Case CD-R,Technology,Computer Peripherals,Small Pack,2.12,0.55,827
Belkin 6 Outlet Metallic Surge Strip,Office Supplies,Appliances,Small Box,10.89,0.59,828
Xerox 1952,Office Supplies,Paper,Small Box,4.98,0.38,829
Wilson Jones® Four-Pocket Poly Binders,Office Supplies,Binders and Binder Accessories,Small Box,6.54,0.36,830
Xerox Blank Computer Paper,Office Supplies,Paper,Small Box,19.98,0.38,831
Storex Dura Pro™ Binders,Office Supplies,Binders and Binder Accessories,Small Box,5.94,0.38,832
270c,Technology,Telephones and Communication,Small Box,125.99,0.59,833
Global Adaptabilities™ Conference Tables,Furniture,Tables,Jumbo Box,280.98,0.66,834
Tenex Antistatic Computer Chair Mats,Furniture,Office Furnishings,Medium Box,170.98,0.75,835
Xerox 1898,Office Supplies,Paper,Small Box,6.68,0.37,836
"210 Trimline Phone, White",Technology,Office Machines,Medium Box,15.99,0.38,837
"Seth Thomas 14"" Putty-Colored Wall Clock",Furniture,Office Furnishings,Small Box,29.34,0.54,838
Avery 49,Office Supplies,Labels,Small Box,2.88,0.36,839
"Imation 3.5 IBM Formatted Diskettes, 10/Box",Technology,Computer Peripherals,Small Pack,8.32,0.74,840
"Acco PRESSTEX® Data Binder with Storage Hooks, Dark Blue, 14 7/8"" X 11""",Office Supplies,Binders and Binder Accessories,Small Box,5.38,0.36,841
"1/4 Fold Party Design Invitations & White Envelopes, 24 8-1/2"" X 11"" Cards, 25 Env./Pack",Office Supplies,Paper,Small Box,7.35,0.38,842
KH 688,Technology,Telephones and Communication,Small Box,195.99,0.57,843
Chromcraft Rectangular Conference Tables,Furniture,Tables,Jumbo Box,236.97,0.61,844
"Hoover Replacement Belts For Soft Guard™ & Commercial Ltweight Upright Vacs, 2/Pk",Office Supplies,Appliances,Small Box,3.95,0.59,845
Ibico Ibimaster 300 Manual Binding System,Office Supplies,Binders and Binder Accessories,Small Box,367.99,0.4,846
Xerox 200,Office Supplies,Paper,Small Box,6.48,0.37,847
DMI Eclipse Executive Suite Bookcases,Furniture,Bookcases,Jumbo Box,500.98,0.66,848
"Bush Heritage Pine Collection 5-Shelf Bookcase, Albany Pine Finish, *Special Order",Furniture,Bookcases,Jumbo Box,140.98,0.65,849
"Bush® Cubix Conference Tables, Fully Assembled",Furniture,Tables,Jumbo Box,230.98,0.6,850
"Staples Pen Style Liquid Stix; Assorted (yellow, pink, green, blue, orange), 5/Pack",Office Supplies,Pens & Art Supplies,Wrap Bag,6.47,0.4,851
"Staples Vinyl Coated Paper Clips, 800/Box",Office Supplies,Rubber Bands,Wrap Bag,7.89,0.4,852
Hewlett-Packard 4.7GB DVD+R Discs,Technology,Computer Peripherals,Small Pack,8.5,0.49,853
Belkin 8 Outlet SurgeMaster II Gold Surge Protector,Office Supplies,Appliances,Small Box,59.98,0.57,854
"Verbatim DVD-R, 4.7GB, Spindle, WE, Blank, Ink Jet/Thermal, 20/Spindle",Technology,Computer Peripherals,Small Pack,115.79,0.49,855
Brother DCP1000 Digital 3 in 1 Multifunction Machine,Technology,Copiers and Fax,Large Box,299.99,0.5,856
Home/Office Personal File Carts,Office Supplies,Storage & Organization,Small Box,34.76,0.6,857
Dixon Ticonderoga Core-Lock Colored Pencils,Office Supplies,Pens & Art Supplies,Wrap Bag,9.11,0.52,858
Space Solutions Commercial Steel Shelving,Office Supplies,Storage & Organization,Large Box,64.65,0.8,859
Boston 16765 Mini Stand Up Battery Pencil Sharpener,Office Supplies,Pens & Art Supplies,Small Pack,11.66,0.59,860
Zebra Zazzle Fluorescent Highlighters,Office Supplies,Pens & Art Supplies,Wrap Bag,6.08,0.51,861
"Dana Fluorescent Magnifying Lamp, White, 36""",Furniture,Office Furnishings,Large Box,50.98,0.55,862
"Holmes Cool Mist Humidifier for the Whole House with 8-Gallon Output per Day, Extended Life Filter",Office Supplies,Appliances,Medium Box,19.9,0.4,863
Bagged Rubber Bands,Office Supplies,Rubber Bands,Wrap Bag,1.26,0.81,864
"Eureka Sanitaire ® Multi-Pro Heavy-Duty Upright, Disposable Bags",Office Supplies,Appliances,Small Box,4.37,0.59,865
CF 688,Technology,Telephones and Communication,Small Box,155.99,0.58,866
Steel Personal Filing/Posting Tote,Office Supplies,Storage & Organization,Small Box,35.51,0.58,867
"Fellowes Twister Kit, Gray/Clear, 3/pkg",Office Supplies,Binders and Binder Accessories,Small Box,8.04,0.4,868
"Adams Telephone Message Books, 5 1/4” x 11”",Office Supplies,Paper,Wrap Bag,6.04,0.38,869
"Fellowes Smart Design 104-Key Enhanced Keyboard, PS/2 Adapter, Platinum",Technology,Computer Peripherals,Small Box,55.94,0.71,870
Wilson Jones Custom Binder Spines & Labels,Office Supplies,Binders and Binder Accessories,Small Box,5.44,0.36,871
Xerox 1883,Office Supplies,Paper,Small Box,26.38,0.39,872
Southworth 25% Cotton Premium Laser Paper and Envelopes,Office Supplies,Paper,Small Box,19.98,0.37,873
"Angle-D Binders with Locking Rings, Label Holders",Office Supplies,Binders and Binder Accessories,Small Box,7.3,0.38,874
Hewlett-Packard Deskjet 5550 Color Inkjet Printer,Technology,Office Machines,Jumbo Drum,115.99,0.4,875
Letter Slitter,Office Supplies,"Scissors, Rulers and Trimmers",Wrap Bag,2.52,0.82,876
3390,Technology,Telephones and Communication,Small Box,65.99,0.57,877
Avery 507,Office Supplies,Labels,Small Box,2.88,0.39,878
Acco Smartsocket® Color-Coded Six-Outlet AC Adapter Model Surge Protectors,Office Supplies,Appliances,Small Box,44.01,0.59,879
Eldon Pizzaz™ Desk Accessories,Furniture,Office Furnishings,Small Pack,2.23,0.41,880
"Wirebound Message Forms, Four 2 3/4 x 5 Forms per Page, Pink Paper",Office Supplies,Paper,Wrap Bag,8.17,0.38,881
"Lifetime Advantage™ Folding Chairs, 4/Carton",Furniture,Chairs & Chairmats,Large Box,218.08,0.57,882
600 Series Flip,Technology,Telephones and Communication,Small Box,95.99,0.57,883
"Master Caster Door Stop, Brown",Furniture,Office Furnishings,Wrap Bag,5.08,0.51,884
Belkin ErgoBoard™ Keyboard,Technology,Computer Peripherals,Small Box,30.98,0.64,885
36X48 HARDFLOOR CHAIRMAT,Furniture,Office Furnishings,Medium Box,20.98,0.78,886
Sanford Pocket Accent® Highlighters,Office Supplies,Pens & Art Supplies,Wrap Bag,1.6,0.42,887
Xerox 1950,Office Supplies,Paper,Small Box,5.78,0.36,888
"Multi-Use Personal File Cart and Caster Set, Three Stacking Bins",Office Supplies,Storage & Organization,Small Box,34.76,0.57,889
"Acco PRESSTEX® Data Binder with Storage Hooks, Dark Blue, 9 1/2"" X 11""",Office Supplies,Binders and Binder Accessories,Small Box,5.38,0.36,890
Office Star Flex Back Scooter Chair with Aluminum Finish Frame,Furniture,Chairs & Chairmats,Jumbo Drum,100.89,0.61,891
Eldon Shelf Savers™ Cubes and Bins,Office Supplies,Storage & Organization,Small Box,6.98,0.83,892
TDK 4.7GB DVD-R,Technology,Computer Peripherals,Small Pack,10.01,0.41,893
"DAX Copper Panel Document Frame, 5 x 7 Size",Furniture,Office Furnishings,Small Box,12.58,0.43,894
"Avery Trapezoid Extra Heavy Duty 4"" Binders",Office Supplies,Binders and Binder Accessories,Small Box,41.94,0.35,895
Eldon Radial Chair Mat for Low to Medium Pile Carpets,Furniture,Office Furnishings,Wrap Bag,39.98,0.65,896
Model L Table or Wall-Mount Pencil Sharpener,Office Supplies,Pens & Art Supplies,Small Box,17.99,0.57,897
"Hon Metal Bookcases, Black",Furniture,Bookcases,Jumbo Box,70.98,0.6,898
"Hewlett-Packard Business Color Inkjet 3000 [N, DTN] Series Printers",Technology,Office Machines,Jumbo Drum,808.49,0.4,899
Xerox 217,Office Supplies,Paper,Small Box,6.48,0.37,900
Bionaire 99.97% HEPA Air Cleaner,Office Supplies,Appliances,Medium Box,17.52,0.5,901
"Hewlett-Packard cp1700 [D, PS] Series Color Inkjet Printers",Technology,Office Machines,Jumbo Drum,500.98,0.38,902
Xerox 1930,Office Supplies,Paper,Small Box,6.48,0.36,903
Sharp AL-1530CS Digital Copier,Technology,Copiers and Fax,Large Box,499.99,0.36,904
Hon 4070 Series Pagoda™ Round Back Stacking Chairs,Furniture,Chairs & Chairmats,Jumbo Drum,320.98,0.57,905
Bevis Rectangular Conference Tables,Furniture,Tables,Jumbo Box,145.98,0.69,906
"Fiskars 8"" Scissors, 2/Pack",Office Supplies,"Scissors, Rulers and Trimmers",Small Pack,17.24,0.56,907
Canon PC940 Copier,Technology,Copiers and Fax,Large Box,449.99,0.52,908
DIXON Ticonderoga® Erasable Checking Pencils,Office Supplies,Pens & Art Supplies,Wrap Bag,5.58,0.46,909
i1000plus,Technology,Telephones and Communication,Small Box,125.99,0.57,910
2190,Technology,Telephones and Communication,Small Box,65.99,0.56,911
"Tenex 46"" x 60"" Computer Anti-Static Chairmat, Rectangular Shaped",Furniture,Office Furnishings,Medium Box,105.98,0.65,912
